もうすでにあの会社の実権を息子に譲ってますけども	あっ
できるだけ	そうなんですか
できるだけサポートをしていきたいなと	そうですね
できるだけサポートをしていきたいなと	は
できるだけサポートをしていきたいなと	そうですね
いうふうに	助けてあげてください
いうふうに	あー
いうふうに	まだご一緒に
いうふうに思っています	ねぇきっと
いうふうに思っています	あーそうなんですね
いうふうに思っています	へえ
いうふうに思っています	そういうことですね
我が家はあの千駄ヶ谷なもんですから	はいえーえー千駄ヶ谷
我が家はあの千駄ヶ谷なもんですから	あはい
我が家はあの千駄ヶ谷なもんですから	えはい
えー千駄ヶ谷じゃない代々木と千駄ヶ谷の	あっ
えー千駄ヶ谷じゃない代々木と千駄ヶ谷のあいだな	あ間で
えー千駄ヶ谷じゃない代々木と千駄ヶ谷のあいだなもんですから	あっはいえーえー
えー千駄ヶ谷じゃない代々木と千駄ヶ谷のあいだなもんですから	あはい
えー千駄ヶ谷じゃない代々木と千駄ヶ谷のあいだなもんですから	あそうなんですね
えー千駄ヶ谷じゃない代々木と千駄ヶ谷のあいだなもんですから	はーそうなんですね
代々木まで歩いて	はいあっはい
えー	歩いて
代々木から大江戸線で	はい大江戸線乗って
都庁前	はい都庁前
若松河田で降り	あはい
来ました	あはいそうですか
来ました	いらっしゃったはいあそうお疲れ様です
来ました	うんありがとうございます
んーあと何を言うんですかね	ふふそーですよねー
んーあと何を言うんですかね	んふ
んーあと何を言うんですかね	んはははははっはは
んーあと何を言うんですかね	あはっはいお願いします
んーあと何を言うんですかね	あはは
えー	むずかしいです
えー	んふっ困りますねー
えー	どうでしょうかもう少し
あの最近こう気温が高いもんですから	そうですよね
あの最近こう気温が高いもんですから	気温が高いですね
あの最近こう気温が高いもんですから	あそうですね
えー	暑いですね
普段は被らない帽子を今日は	あっ
普段は被らない帽子を今日は	あそうですか
普段は被らない帽子を今日は	あっそうです
普段は被らない帽子を今日は	はあ
普段は被らない帽子を今日は	あー
普段は被らない帽子を今日は	あかぶってきたんですか
あー	それがいいです
あー被って	そーそーなんですねーお帽子かぶられた
あー被って	暑たさ暑暑いからですかね
あー被って	あーそうだったんですね
あー被って	普段はかぶられないんですね帽子は
あー被って	はいはいうん暑いですもんね
あー被って	あーありがとうございます
来ました	あーそーですかー
来ました	はそうですか
えーちょっと恥ずかしいような	いえいえ
えーちょっと恥ずかしいような	ええ
えーちょっと恥ずかしいような思いも	そ
えーちょっと恥ずかしいような思いも	いやそんなことないです
えーちょっと恥ずかしいような思いもしましたけども	お似合いですよー
えーちょっと恥ずかしいような思いもしましたけども	えそうなんですか
えーちょっと恥ずかしいような思いもしましたけども	ああそうなんですか
えーちょっと恥ずかしいような思いもしましたけども	いえいえいえー
えーちょっと恥ずかしいような思いもしましたけども	そうですかうん
えーちょっと恥ずかしいような思いもしましたけども	そうですかお似合いだと思います
えーちょっと恥ずかしいような思いもしましたけども	あはっそんなことないですよ
えーちょっと恥ずかしいような思いもしましたけども	似合ってます
熱中症にならないように	そーですよー
熱中症にならないように	あー大事ですね
熱中症にならないように	うんそうですね
熱中症にならないように	うんそうですよね
熱中症にならないように	はいそうですね
熱中症にならないように	ええええそうですそうですええ
熱中症にならないように	うんそうですね
気を付けて	そうですね
気を付けて来ました	素敵ですよーお帽子はい
気を付けて来ました	はい気をつけてください
気を付けて来ました	そうです
気を付けて来ました	必要ですよねうん
気を付けて来ました	対策してください
えー電車は	電車は
ずっとすいておりましたので	あっそーですかーよかったですねー
ずっとすいておりましたので	あそうでしたか
ずっとすいておりましたので	は良かったです
ずっとすいておりましたので	あーはい
えー代々木から	座れましたかうん
えー代々木からここまで座って来る	あー
えー代々木からここまで座って来ることが	あ
えー代々木からここまで座って来ることが	良かったです
えー代々木からここまで座って来ることができました	楽ですよねーやっぱり座ると
えー代々木からここまで座って来ることができました	あーそうなんで良かったですね
えー代々木からここまで座って来ることができました	良かったです
えー代々木からここまで座って来ることができました	あーほんとですかはい
えー代々木からここまで座って来ることができました	あ良かったですね
えー代々木からここまで座って来ることができました	凄い良かったですね
えー代々木からここまで座って来ることができました	あっ
まーわたくしだいたいスポーツすることが好きなんですけども	あーあーそーなんですねスポーツが
まーわたくしだいたいスポーツすることが好きなんですけども	あはい
まーわたくしだいたいスポーツすることが好きなんですけども	あそうですかはいいいことですね
まーわたくしだいたいスポーツすることが好きなんですけども	いいですねー
まーわたくしだいたいスポーツすることが好きなんですけども	あはい
まーわたくしだいたいスポーツすることが好きなんですけども	あはいええええ
まーわたくしだいたいスポーツすることが好きなんですけども	スポーツがお好きなんですね
まーわたくしだいたいスポーツすることが好きなんですけども	うん遅いですかうんはい
えー	へえ
大学卒業して社会人に	卒業して社会人になって
大学卒業して社会人になってから	あはい
大学卒業して社会人になってから	あはい
えーゴルフをはじめまして	あーゴルフはい
えーゴルフをはじめまして	あーそうなんですか
えーゴルフをはじめまして	はいゴルフはい
えーゴルフをはじめまして	あーゴルフはいい運動です
えーゴルフをはじめまして	あっ健康にはいいです
えーゴルフをはじめまして	あーそうですか
えーゴルフをはじめまして	ゴルフをですかわー
えーゴルフをはじめまして	うんあーそうですかうーんうんうんうん
えー	いいですね
今までやってきたスポーツに比べりゃ全然簡単だと思ってたんですが	えーそーですかー
今までやってきたスポーツに比べりゃ全然簡単だと思ってたんですが	あっはっはっはっはっは
今までやってきたスポーツに比べりゃ全然簡単だと思ってたんですが	そうですよね
今までやってきたスポーツに比べりゃ全然簡単だと思ってたんですが	はあ
今までやってきたスポーツに比べりゃ全然簡単だと思ってたんですが	あはっあーそうなんですね
今までやってきたスポーツに比べりゃ全然簡単だと思ってたんですが	あははっあーええ
非常に難しくて	はいですよねー
非常に難しくて	ああ
非常に難しくて	難しかったですか
非常に難しくて	むつかしいはい
非常に難しくて	そうなんです
非常に難しくて	あーそうなんですね
非常に難しくて	あーそうですか
非常に難しくて	はあ
非常に難しくて	あっそうなんですね
止まってるボールを	うーん
止まってるボールを打つのがこんなに難しい	ええへはっ
止まってるボールを打つのがこんなに難しい	ねえ
止まってるボールを打つのがこんなに難しいもんかと	ふふほんとに
止まってるボールを打つのがこんなに難しいもんかと	そうですね
止まってるボールを打つのがこんなに難しいもんかと	あー
止まってるボールを打つのがこんなに難しいもんかと	はあ
止まってるボールを打つのがこんなに難しいもんかと	そうですね
止まってるボールを打つのがこんなに難しいもんかという	そうなんですね
止まってるボールを打つのがこんなに難しいもんかという風に思って一生懸命練習を	止まっているボール
えー	練習ですねー
ハンディキャップが11まで上がったんですが	すごい
ハンディキャップが11まで上がったんですが	あっ
ハンディキャップが11まで上がったんですが	へー凄いです
ハンディキャップが11まで上がったんですが	あーす素晴らしいですね
ハンディキャップが11まで上がったんですが	ええあー
ハンディキャップが11まで上がったんですが	はー凄い
ハンディキャップが11まで上がったんですが	おー
ハンディキャップが11まで上がったんですが	おーそうなんですか
えー	そうなんですね
えーさすがにもう歳で	いすごーいですよー
えーさすがにもう歳で	ええふふ
えーさすがにもう歳で	ええええええいやいや
ハンディキャップがどんどんどんどん	あーはあ
ハンディキャップがどんどんどんどん増えていきましたけども	あーそーですかーはい
ハンディキャップがどんどんどんどん増えていきましたけども	ええああでもいいです
ハンディキャップがどんどんどんどん増えていきましたけども	嬉しいですね
えー	運動になりますから
えー	あっ
グランドシニアのセカンドフライトですけども	はい
グランドシニアのセカンドフライトですけども	あはい
2年連続	はい二年連続で
優勝ができたことが	うわー
優勝ができたことが	あー凄いじゃないですか
優勝ができたことが	おー
優勝ができたことが	やーおめでとうございますー素晴らしいですね
優勝ができたことが	あ凄いです
優勝ができたことが	わあ
優勝ができたことが	あ素晴らしい
優勝ができたことが	あーそうなんですね
優勝ができたことが	わあ
優勝ができたことが	おー凄い
優勝ができたことが	凄いですね
非常に	すすごーいですよねー
非常に	凄いですね
非常に嬉しかったと	優勝ですか
非常に嬉しかったと	凄いですね
非常に嬉しかったと	うんそれは
非常に嬉しかったと思っています	おめでとうございます
非常に嬉しかったと思っています	わーさすがですね
非常に嬉しかったと思っています	あ嬉しいですね
非常に嬉しかったと思っています	凄いですね
非常に嬉しかったと思っています	それは嬉しいです
えーと一番よく遊んだのは	一番よく遊んだのは
えーめんこですね	あっメンコはい
えーめんこですね	あーはいはい
えーめんこですね	あー
えーめんこですね	あめんこねーはい
えーめんこですね	あめんこですね
えーめんこですね	あーめんこですか
えーめんこですね	めんこですか
えーめんこですね	あー
それから	はいそれから
それから	はいははい
えー	はいほかにはどんなことをされたんですか
めんこと	はいめんこと
めんこと	うんめんこと
ビー玉	メンコとあっはいビー玉
ビー玉	あービー玉ね
ビー玉	あビー玉うん
ビー玉	あビー玉
ビー玉	ビー玉ですか
ビー玉	うんあはいビー玉ね
ビー玉	ビー玉はい
それから	はいそれから
缶蹴り	缶蹴りはい
缶蹴り	あ缶蹴り楽しいですねー
缶蹴り	あーそうなんですねーうんうん
缶蹴り	缶蹴りですかわーいいですね
んー	やりました
んー	わあ
んー	ほかはどうでしょうか
でめんこはあの四角いのや	めんこは
でめんこはあの四角いのや丸いのがありまあって	あーそーですよねー
でめんこはあの四角いのや丸いのがありまあって	あーそうですか
でめんこはあの四角いのや丸いのがありまあって	は四角と丸があるんですね
でめんこはあの四角いのや丸いのがありまあって	あはー四角いのもあるんですね
えー相手の	四角いの
めんこをひっくり返すと	へえ
めんこをひっくり返すと	相手のめんこをひっくり返すと
めんこをひっくり返すと上からたたきつけてひっくり返すと	あーはあ
めんこをひっくり返すと上からたたきつけてひっくり返すと自分のものに	ものになるっていう
めんこをひっくり返すと上からたたきつけてひっくり返すと自分のものになると	あー
めんこをひっくり返すと上からたたきつけてひっくり返すと自分のものになると	自分のものになるんですか
めんこをひっくり返すと上からたたきつけてひっくり返すと自分のものになるという	そうですよね
めんこをひっくり返すと上からたたきつけてひっくり返すと自分のものになるという	へえ
めんこをひっくり返すと上からたたきつけてひっくり返すと自分のものになるという	あー
めんこをひっくり返すと上からたたきつけてひっくり返すと自分のものになるという	あーはい
遊び方	あっはいはい
遊び方	そうなってるんですね
遊び方	あー
遊び方	そうです
それから	たたきつけて
それからビー玉は	はいビー玉は
親指と人差し指で	親指と人差し指の
あの相手の	親指と
ビー玉にぶつける	あーはい
ビー玉にぶつける	あーはいはい
ビー玉にぶつける	はいあちょこんとやるんですね
ビー玉にぶつける	ああはいやりました
ビー玉にぶつける	間のビー玉にぶつけるんですか
それでえー当たれば	親指と人差し指で
それでえー当たれば	はい当たれば
その	あー
そのビー玉が	もらえる
そのビー玉が自分の	あっ
そのビー玉が自分のものに	そーなんですねー
そのビー玉が自分のものに	あ
そのビー玉が自分のものになる	へえ
そのビー玉が自分のものになる	なるほどはいそういうことなんですね
そのビー玉が自分のものになる	あー
そのビー玉が自分のものになる	もらえるうん
そのビー玉が自分のものになる	あーそうなんですかうーん
あとは缶蹴りは	あとは缶蹴りは
鬼を決めて	あー鬼がいるんですよね
鬼を決めて	鬼を決めて
みんな隠れて鬼がよそをみ見てる間に	やー
みんな隠れて鬼がよそをみ見てる間にその缶を蹴ってまた	あー
みんな隠れて鬼がよそをみ見てる間にその缶を蹴ってまた隠れると	あーはいはいそーですね
みんな隠れて鬼がよそをみ見てる間にその缶を蹴ってまた隠れると	その隙を狙ってですね
みんな隠れて鬼がよそをみ見てる間にその缶を蹴ってまた隠れると	そうですね
みんな隠れて鬼がよそをみ見てる間にその缶を蹴ってまた隠れると	えーあー
みんな隠れて鬼がよそをみ見てる間にその缶を蹴ってまた隠れると	えーふふっ
みんな隠れて鬼がよそをみ見てる間にその缶を蹴ってまた隠れると	うーんそうですね
んでその	そうなってるんですね
その人が今度鬼に	あー
その人が今度鬼に	あー
その人が今度鬼になると	交代ですね
その人が今度鬼になると	なるほど
その人が今度鬼になると	交代
いうような	缶蹴り
いうような遊びがたを	あーそーですねー
いうような遊びがたを	へえ
いうような遊びがたを	あそうなんですね
いうような遊びがたを	へえ
したことが	ええいい思い出ですね
したことが	はーそうだったんですねー
あります	あーありますあ懐かしいです
あります	はいあっ
もともと運動することが大好きでしたから	あっそーなんですねー
もともと運動することが大好きでしたから	あはいそうですか
もともと運動することが大好きでしたから	はー運動がお好きだったんですね
中学時代はバスケット	バスケットはい
中学時代はバスケット	バスケット
中学時代はバスケット	はいバスケット
中学時代はバスケット	はあ
中学時代はバスケット	あーす
でー	凄い凄いですねバスケットボール
その中学生の三年生の	ええ
その中学生の三年生の	中学生の時は
えー	三年生の時
体操の先生に連れられて	はい体操ですか
えーちちぶら秩父宮ラグビー場に	あーはい
えーちちぶら秩父宮ラグビー場に	あーはい
えーちちぶら秩父宮ラグビー場に	へえ
えーちちぶら秩父宮ラグビー場に	あはいええええ
えーちちぶら秩父宮ラグビー場に	はいラグビー場に
えーちちぶら秩父宮ラグビー場に	うんほーはい
えーちちぶら秩父宮ラグビー場に	あー今度はラグビーですかもしかして
当時の	えー
当時のあのオックスフォード大学の	すごいはい
当時のあのオックスフォード大学の	ええうーん
大学チームと	えっ
大学チームと	へえ
大学チームと	うんあーそうなんですか
大学チームと	へーオクスフォード大学のチームと
大学チームと	おお
選抜大学選抜チームとの試合を	はぁー
選抜大学選抜チームとの試合を初めて	あ
選抜大学選抜チームとの試合を初めてまー	すごーい
選抜大学選抜チームとの試合を初めてまー	そうなんですね
選抜大学選抜チームとの試合を初めてまー	わー
選抜大学選抜チームとの試合を初めてまー見に行ったんですけども	うわー
選抜大学選抜チームとの試合を初めてまー見に行ったんですけども	へー
選抜大学選抜チームとの試合を初めてまー見に行ったんですけども	はーそうなんですかはい
選抜大学選抜チームとの試合を初めてまー見に行ったんですけども	えー
選抜大学選抜チームとの試合を初めてまー見に行ったんですけども	はーはい
えー	ほーすごいですねー
えー	ラグビーを
その激しさ	へー迫力ありますね
その激しさ	そうですね
その激しさ	はい激しいんですね
などに感激をしてそれから	うーん
などに感激をしてそれから	はへー
などに感激をしてそれから	あそうなの
などに感激をしてそれから	おー
などに感激をしてそれからグランドの	あ
などに感激をしてそれからグランドの	感激されたんですか
などに感激をしてそれからグランドの広さ	あはあ
などに感激をしてそれからグランドの広さ	そうですよね
などに感激をしてそれからグランドの広さ	そうなんですかー
などに感激をしてそれからグランドの広さ	迫力がはい
それから芝生の	えー
それから芝生の青さ	あそんなに
それから芝生の青さ	はー芝生の青さなんですね
そういうものに物凄く感激をして	秩父宮
そういうものに物凄く感激をして	あーいいですねうーん
そういうものに物凄く感激をして	まーそうですか
そういうものに物凄く感激をして	あずっとそれが鮮明に
高校に入ったら絶対にラグビーをしようと	はぁーそーなんですねー
高校に入ったら絶対にラグビーをしようと	あはっそうなんですか
見に一緒に見に行った友達と	あー好きになられたんですねうーん
見に一緒に見に行った友達と	へえ
見に一緒に見に行った友達と	うーん
話し合って	そうですよね
あのラグビー部のある学校に	まっ
あのラグビー部のある学校に	えっわざわざ
入りました	あーそーだったんですねー
入りました	はーそうだったんですか
入りました	はーそうなんですか
入りました	ふーん選んで入られたんですね
入りました	へー
入りました	はーそうなんですね
入りました	あそういうことだったんですね
入りました	あそうなんですかー
入りました	あそうなんですね
入りました	入ったんですかはい
んでまー	すごーい
んでまー	へー
三年間一所懸命	三年間も
練習もし	うんやられたうん
してきましたけども	まー凄い
三年の時にまー一応	三年の時
三年の時にまー一応キャプテンになりましたんで	あっそーですか
三年の時にまー一応キャプテンになりましたんで	おお
三年の時にまー一応キャプテンになりましたんで	まーキャプテンをされて
三年の時にまー一応キャプテンになりましたんで	へー凄いです
三年の時にまー一応キャプテンになりましたんで	あー凄いですね
三年の時にまー一応キャプテンになりましたんで	まー
三年の時にまー一応キャプテンになりましたんで	わー凄いですねー
三年の時にまー一応キャプテンになりましたんで	あそうなんですか
みんなを	ラグビー部
みんなを引っ張っていく	ですよねー
みんなを引っ張っていく	はいリーダーで
みんなを引っ張っていく	みんなをひっぱっていかないと
うー	わー凄いうん
ことで大変だったし	たーいそれは大変ですよねーはい
ことで大変だったし	へいそうですね
ことで大変だったし	うんそうですよね
ことで大変だったし	はいわーお疲れ様です
大学に入っても	大学に入っては
大学に入っても続けてラグビーを	あ
大学に入っても続けてラグビーをやりました	あっそーなんですねずーっと続けられたんですねラグビー
大学に入っても続けてラグビーをやりました	あそうなんですか
大学に入っても続けてラグビーをやりました	そうなんですか
大学に入っても続けてラグビーをやりました	あそうですかーうーん
大学に入っても続けてラグビーをやりました	あーそうなんですかーはい
大学に入っても続けてラグビーをやりました	うんそうか
大学に入っても続けてラグビーをやりました	あーそうなんですか
えー	へえ
えー	じゃあ随分長くはい
えー	じゃあ足掛け七年ですね
これは	やられたんですね
これはラグビーっていうのはほんとにあの試合をやっている時は敵と味方で	あー
戦いますけども	あっそーなんですねー
あのーノーサイドっていう風に	うーん
あのーノーサイドっていう風に言って	うーん
あのーノーサイドっていう風に言って	はいノーサイドっていうんですか
あのーノーサイドっていう風に言って	おお
敵も味方もなく	あー
敵も味方もなく	へえ
敵も味方もなく	あー
敵も味方もなく	あー
敵も味方もなく	あ敵も味方もないんですね
敵も味方もなく	あ
試合を	そうですね
試合を	そうですか
試合を	あー
試合をやった同士で肩を	あーなるほど
試合をやった同士で肩を組みあって	うーん
試合をやった同士で肩を組みあって	へーかっこいいですね
試合をやった同士で肩を組みあって	肩組みあうんですねいいですねーはい
試合をやった同士で肩を組みあって	あっそうなんですそれがうん
敵味方無しの	へえ
敵味方無しの	うーん
競技なんですけども	あーいーですねー
競技なんですけども	そうなんですか
競技なんですけども	うーんそうなんですね
競技なんですけども	ははい
競技なんですけども	ほーお
まー	ノーサイドほーん
まー	そうなんそうなんですね
だい公園の試合を観に行き	はいあー
だい公園の試合を観に行き	あーそうなんだ行かれてるんですね
それから	そーですかー
それから	はいそれから
人たちとの	はええ
人たちとの	今でも
今でも	続いてる
今でも	今でもですか
酒を酌み交わして	あ
酒を酌み交わして昔の	あーそーですかー
酒を酌み交わして昔の	はあ
酒を酌み交わして昔の	お付き合いがずっとある
酒を酌み交わして昔の話を	交流があるんですか
酒を酌み交わして昔の話を	あーそうなんですか
酒を酌み交わして昔の話を	あーいいですね
一所懸命したりしております	はぁーいですね敵味方無しでーんー
一所懸命したりしております	えー楽しい
一所懸命したりしております	うーんいいですね
一所懸命したりしております	ええあーそうですか
一所懸命したりしております	わーそうなんですね
一所懸命したりしております	ええええあはい
私の小さい頃っていうのは	はいお小さい頃は
色んな戦争の真っ最中でしたから	ええそうですねはい
色んな戦争の真っ最中でしたから	あそうですね
色んな戦争の真っ最中でしたから	あーはい
色んな戦争の真っ最中でしたから	あーそうなんですね
色んな戦争の真っ最中でしたから	戦争の真っ最中だったんですね
色んな戦争の真っ最中でしたから	はい戦争中だったんですね
軍人になるかなって	あー
軍人になるかなっていう	あー
軍人になるかなっていう風には	軍人ですね
軍人になるかなっていう風には	あ軍人なんですね
軍人になるかなっていう風には	ああ
軍人になるかなっていう風には	あー
軍人になるかなっていう風には思ってましたけど	そーですかー
軍人になるかなっていう風には思ってましたけど	そうなんですねはい
軍人になるかなっていう風には思ってましたけど	へーそうですか
軍人になるかなっていう風には思ってましたけど	あそうですね
軍人になるかなっていう風には思ってましたけど	あそうですね
軍人になるかなっていう風には思ってましたけど	兵隊さんはい
えー	軍人に
あまりにも小さかったからただただそう	あー
あまりにも小さかったからただただそう思ってただけで	あーそーなんですね
あまりにも小さかったからただただそう思ってただけで	あーそうですよね
えー弁護士やってましたから	あーはいはい
えー弁護士やってましたから	あっそうなんですか
えー弁護士やってましたから	はあ
えー弁護士やってましたから	ええあそうですか
えー弁護士やってましたから	あそうなんですか弁護士さんだったんですね
えー弁護士やってましたから	ああーそうですかうんうん
あのあたしもあとを継いで	あー
弁護士になろうかなーと	あっそーなんですねー
弁護士になろうかなーと	はあ
弁護士になろうかなーと	あへー弁護士にええ
弁護士になろうかなーと	ええええなられたんですか
いう風に考えていました	はいえーえーあー
いう風に考えていました	あそうだったんですね
えー弁護士と	そーだったんですねー
罪を犯した人を弁護して	そうですねええ
罪を犯した人を弁護して	うーんあー
罪を犯した人を弁護して	はいはい弁護するんですね
えー	そうですねええええ
有罪になってもあとあと面倒みていかなきゃならない	あっそーなんですね
有罪になってもあとあと面倒みていかなきゃならない	あーはいはい
有罪になってもあとあと面倒みていかなきゃならない	うーん
有罪になってもあとあと面倒みていかなきゃならない	そうです
有罪になってもあとあと面倒みていかなきゃならない	ああ
有罪になってもあとあと面倒みていかなきゃならない	はそうなんですね
有罪になってもあとあと面倒みていかなきゃならない	うーん
あのー立場だと	弁護士さん
あのー立場だと	責任感ありますね
あのー立場だと	あそうなんですね
あのー立場だと思いますんで	はいはいうーん
あのー立場だと思いますんで	そうですか
あのー立場だと思いますんで	そうなんですねうん
えー	んー
世の中のためになればいいなーと	はいまっ凄い
世の中のためになればいいなーと	うんうんあ
世の中のためになればいいなーと	はーそうですね
世の中のためになればいいなーと	あーそうですね
いう	いいです
いう風に	あー
いう風に	素敵ですよね
いう風に	素晴らしいですね
いう風に考えていました	そーだったんですねー
いう風に考えていました	へえ
いう風に考えていました	うーんはい
まー一番したいことは	はい一番したいことはどうでしょう
せがれに会社を譲って	ああそうです
えー隠居のような形になってますけども	あっそーですかー
えー隠居のような形になってますけども	んふふええ
えー隠居のような形になってますけども	あそうですか
えー隠居のような形になってますけども	は
えー隠居のような形になってますけどもまだまだ	ご隠居様なんですね
えー隠居のような形になってますけどもまだまだ体はじゅうあの元気ですし	そーですほんとに
えー隠居のような形になってますけどもまだまだ体はじゅうあの元気ですし	うんそうですよね
今	はい今は
仕事をまだ続けてやりたいなと	そうですね
仕事をまだ続けてやりたいなと違う	一緒に
仕事をまだ続けてやりたいなと違う仕事を	あーはい
仕事をまだ続けてやりたいなと違う仕事を続けてやりたいなと	あーあー違う仕事
仕事をまだ続けてやりたいなと違う仕事を続けてやりたいなと	あーはいはいはいはい
仕事をまだ続けてやりたいなと違う仕事を続けてやりたいなと	うんうんできる限りいいですね
仕事をまだ続けてやりたいなと違う仕事を続けてやりたいなと	あそうなんですか
仕事をまだ続けてやりたいなと違う仕事を続けてやりたいなと	あーそうなんですね
仕事をまだ続けてやりたいなと違う仕事を続けてやりたいなと	あっなるほど
仕事をまだ続けてやりたいなと違う仕事を続けてやりたいなと	あーそうなんですね
仕事をまだ続けてやりたいなと違う仕事を続けてやりたいなと	違うお仕事をですか
仕事をまだ続けてやりたいなと違う仕事を続けてやりたいなと	あー違う仕事
いう風に	違う仕事ですか
いう風に思って	うーん
いう風に思って	はいあそうなんですね
えー	若いですねまだ
出ることは一生懸命しています	はいあーそーなんですねー
出ることは一生懸命しています	わーそうですか
出ることは一生懸命しています	ええはい
出ることは一生懸命しています	ええはいあそうですか
出ることは一生懸命しています	そうなんですね
出ることは一生懸命しています	あーそうなんですね
してもらいたいことは	してもらいたいことはなんでしょうか
別に	んっふっふっふっふ
無いけども今もう	ないんですか
無いけども今もう女房と二人ですから	えーお二人で
お互いに労わりあって	そうですねー長生きして
お互いに労わりあって	そうですね
えー	あー
生活していければいいなと	はいあーいーですねいたわりあって
生活していければいいなと	うーんそうなんですね
生活していければいいなと	そうですね
生活していければいいなと	あはい
生活していければいいなと	はーですね
生活していければいいなと	はいうんそうですよね
生活していければいいなと	そうです
いう風に	うん元気に
いう風に思っています	そうです
いう風に思っています	あはいそうですね
作文にも書きましたけども	あはい
あの七十四年の	七十四年の
ことが楽しいことがあったと	はぁーそーなんですね
ことが楽しいことがあったと思いま	へえ
ことが楽しいことがあったと思いま嬉しかった	長い人生そうですね
ことが楽しいことがあったと思いま嬉しかった	あー
ことが楽しいことがあったと思いま嬉しかったことが	そうですか
ことが楽しいことがあったと思いま嬉しかったことが	あはっ
ことが楽しいことがあったと思いま嬉しかったことがあのーありました	74年からはい
ことが楽しいことがあったと思いま嬉しかったことがあのーありました	はいたくさんあったんですね
それはあのー作文にもきにゅ記載したんですが	あはい
それはあのー作文にもきにゅ記載したんですがそん	あ
それはあのー作文にもきにゅ記載したんですがそん中で	ありがとうございます
それはあのー作文にもきにゅ記載したんですがそん中で何がやっぱり一番	何が
それはあのー作文にもきにゅ記載したんですがそん中で何がやっぱり一番嬉しいかなーという風に自分自身中々ま迷ったんですが	迷われたんですね
それはあのー作文にもきにゅ記載したんですがそん中で何がやっぱり一番嬉しいかなーという風に自分自身中々ま迷ったんですが最終的には	最終的にはどうでしょうか
家庭を持つことができて	うーん
家庭を持つことができて	ああ
家庭を持つことができて	そうですね
家庭を持つことができて	はー
そして	あー
そして子供達孫たちと	そうですよねうん
そして子供達孫たちと一緒に生活が	えーあー
そして子供達孫たちと一緒に生活が	そうですね
そして子供達孫たちと一緒に生活が	そうですね
そして子供達孫たちと一緒に生活ができて	そーですねー
そして子供達孫たちと一緒に生活ができて	家族ができたっということですかね
楽しい思い出が	ねーお幸せでしたねー
楽しい思い出がその	そうですよね
できたという	そうですね
できたということが	あー
できたということがまー平凡な	いいです
できたということがまー平凡な	そうですね
できたということがまー平凡な	そうですね
できたということがまー平凡な	まあそうですね
できたということがまー平凡なお答えですけど	えーいえいえー
できたということがまー平凡なお答えですけど	いえいえいえ
できたということがまー平凡なお答えですけど	いえいえ
できたということがまー平凡なお答えですけど	うん何よりですよね
できたということがまー平凡なお答えですけど	うーん
できたということがまー平凡なお答えですけどあの	ほーんとにとても
できたということがまー平凡なお答えですけどあの	ほんとに
できたということがまー平凡なお答えですけどあの	それが一番平凡ですけど幸せですよね
一番楽しかった	そうですね
一番楽しかった	そうです
一番楽しかった嬉しかった	そーですね
一番楽しかった嬉しかった	いいことです
一番楽しかった嬉しかったことと	素晴らしいことですね
一番楽しかった嬉しかったことと	あ
一番楽しかった嬉しかったことと	嬉しかったことですね
一番楽しかった嬉しかったことということで	嬉しいですよね
一番楽しかった嬉しかったことということで作文には	一番ね
一番楽しかった嬉しかったことということで作文には	そう思います
記載させていただきました	あーそーですかー
記載させていただきました	あはい
記載させていただきました	ええあはい
記載させていただきました	はそうだったんですね
それ以外にも仕事の事えー個人的な	お仕事のこと
それ以外にも仕事の事えー個人的な趣味の事色々	はいご趣味のこと
それ以外にも仕事の事えー個人的な趣味の事色々楽しかっ嬉しかった	あ
それ以外にも仕事の事えー個人的な趣味の事色々楽しかっ嬉しかった事はありますが	そうなんですか
ま自分自身の中でやはりそれが一番	あー
ま自分自身の中でやはりそれが一番	そうですね
ま自分自身の中でやはりそれが一番あー	そうですね
ま自分自身の中でやはりそれが一番あー嬉しかったかなーと	そーなんですねご家族
ま自分自身の中でやはりそれが一番あー嬉しかったかなーと	一番はい
ま自分自身の中でやはりそれが一番あー嬉しかったかなーと	はー
ま自分自身の中でやはりそれが一番あー嬉しかったかなーと	そうですね
ま自分自身の中でやはりそれが一番あー嬉しかったかなーという	そうですよね
ま自分自身の中でやはりそれが一番あー嬉しかったかなーということで	そうですね
ま自分自身の中でやはりそれが一番あー嬉しかったかなーということで作文には	そうなんですね
ま自分自身の中でやはりそれが一番あー嬉しかったかなーということで作文にはそのように記載を	あー
ま自分自身の中でやはりそれが一番あー嬉しかったかなーということで作文にはそのように記載を	あ
ま自分自身の中でやはりそれが一番あー嬉しかったかなーということで作文にはそのように記載をしました	あはい
ま自分自身の中でやはりそれが一番あー嬉しかったかなーということで作文にはそのように記載をしました	はいあそうですか
ま自分自身の中でやはりそれが一番あー嬉しかったかなーということで作文にはそのように記載をしました	はいありがとうございます
あのこちらにあのお伺いしたのはあの今年の春に	春にですか
あのこちらにあのお伺いしたのはあの今年の春にえー今まで仕事をしておりましたんですが	あはい
あのこちらにあのお伺いしたのはあの今年の春にえー今まで仕事をしておりましたんですが	はいお仕事で
あのこちらにあのお伺いしたのはあの今年の春にえー今まで仕事をしておりましたんですが	おおはい
あのこちらにあのお伺いしたのはあの今年の春にえー今まで仕事をしておりましたんですがあの定年退職を	うーん
あのこちらにあのお伺いしたのはあの今年の春にえー今まで仕事をしておりましたんですがあの定年退職を	あ
あのこちらにあのお伺いしたのはあの今年の春にえー今まで仕事をしておりましたんですがあの定年退職を	あ
あのこちらにあのお伺いしたのはあの今年の春にえー今まで仕事をしておりましたんですがあの定年退職をしましたんで	そうですかはい
あのこちらにあのお伺いしたのはあの今年の春にえー今まで仕事をしておりましたんですがあの定年退職をしましたんで	そうでしたか
あのこちらにあのお伺いしたのはあの今年の春にえー今まで仕事をしておりましたんですがあの定年退職をしましたんで	はいご退職されて
今あ渋谷区のシルバー人材センターに	あー
今あ渋谷区のシルバー人材センターに	あーそうなんですね
あたら何か仕事がを	うん行っておられる
あたら何か仕事がをしたいということで登録をしておりまして	あっそーなんですねー
あたら何か仕事がをしたいということで登録をしておりまして	あ登録されたんですね
あたら何か仕事がをしたいということで登録をしておりまして	あ登録されたんですね
あたら何か仕事がをしたいということで登録をしておりまして	あはい
えーご担当の方からここのようなモニターの	あー
えーご担当の方からここのようなモニターのえー仕事が	あーはい
えーご担当の方からここのようなモニターのえー仕事が	そうだったんですね
えーご担当の方からここのようなモニターのえー仕事があるけど行ってみないかと	えーあっ
えーご担当の方からここのようなモニターのえー仕事があるけど行ってみないかと	あー
えーご担当の方からここのようなモニターのえー仕事があるけど行ってみないかと	そうなんですね
えーご担当の方からここのようなモニターのえー仕事があるけど行ってみないかという	あ
えーご担当の方からここのようなモニターのえー仕事があるけど行ってみないかというふうな	あーそーだったんですねー
えーご担当の方からここのようなモニターのえー仕事があるけど行ってみないかというふうな事でお誘いを受けて	ああ
えーご担当の方からここのようなモニターのえー仕事があるけど行ってみないかというふうな事でお誘いを受けてえー本日参りました	あーそうですか
えーご担当の方からここのようなモニターのえー仕事があるけど行ってみないかというふうな事でお誘いを受けてえー本日参りました	あ
えーご担当の方からここのようなモニターのえー仕事があるけど行ってみないかというふうな事でお誘いを受けてえー本日参りました	あはい
本日は	ありがとうございます
本日は朝ちょっと午前中にえーちょっとあの定期的に検査をしている病院に	あっはい
本日は朝ちょっと午前中にえーちょっとあの定期的に検査をしている病院に	ああ
本日は朝ちょっと午前中にえーちょっとあの定期的に検査をしている病院に	あー
寄って	あ寄られて
寄って	あ
寄って	あはい
寄って	そうなんですか
それから	そうですか
それから	あうんうん
それから	病院にですか
それから	だいじょ
都営地下鉄に乗って	地下鉄に乗って
都営地下鉄に乗って	ああはい
の駅から	はい駅から
徒歩でこちらの事務所まで参りました	あっそーだったんですねー
徒歩でこちらの事務所まで参りました	あーはい
徒歩でこちらの事務所まで参りました	いらっしゃったはい
まーあのそれとあとえー前回来させていただいてえーまたことし今回もあの違うテーマで	ええああ
まーあのそれとあとえー前回来させていただいてえーまたことし今回もあの違うテーマで	あー
色々	ありがとうございます
色々あの	そうでしたかね
色々あの	二回目も来てくださって
モニターとしてやらしていただいてるので	あはい
モニターとしてやらしていただいてるので	あ
まー色んな事が	そうなんですねうんうんうん
あるんだなーという	あっ
あるんだなーという事が	ふふふ
あるんだなーという事がわかってまた	そうなんですね
あるんだなーという事がわかってまた大変自分自身も	はい
あるんだなーという事がわかってまた大変自分自身も面白く	あー
あるんだなーという事がわかってまた大変自分自身も面白く	面白く
うー	そうですか
うー面白いって	あーそうですね
うー面白いって	そうです
うー面白いって	あー
うー面白いって言ったら	あははは
うー面白いって言ったら	ありがとうございますええ
うー面白いって言ったら大変失礼ですけど	いえいえ
うー面白いって言ったら大変失礼ですけど	いえいえ
うー面白いって言ったら大変失礼ですけど	いえいえ
うー面白いって言ったら大変失礼ですけど	あはいはい
うー面白いって言ったら大変失礼ですけど	あいえいえ
うー面白いって言ったら大変失礼ですけど	だうんでも楽しんでやってくださってる
うー面白いって言ったら大変失礼ですけど	嬉しいですそう言っていただけると
あの興味が	あーそう
興味が湧きましたはい	あーよかったです
興味が湧きましたはい	うんうん良かったですはい
興味が湧きましたはい	あーそうだったんですねええ
興味が湧きましたはい	あーはい
あ作文の最後に書きましたけど	あはい
今年の春に定年退職を	春に
今年の春に定年退職をしましたんで	はいお疲れ様です
今年の春に定年退職をしましたんで	あーそうなんですね
今年の春に定年退職をしましたんで	あそうでしたね
えー今後	ええ
えー今後どういうことを自分自身して	うーん
していこうかなと	そーですよねー
していこうかなということを考えましてまーあの長いことえーなが四十年にわたって	はー
していこうかなということを考えましてまーあの長いことえーなが四十年にわたってえー子供たちの	四十年ですか長いんですね
育成団体の	あーへえ
育成団体の	へえ
育成団体のボランティア活動をしておりました	あっそーですかー
育成団体のボランティア活動をしておりました	あーそうなんですか
育成団体のボランティア活動をしておりました	あーそうなんですかー
育成団体のボランティア活動をしておりました	あそうですか
育成団体のボランティア活動をしておりました	あ凄いです
育成団体のボランティア活動をしておりました	はいあー
育成団体のボランティア活動をしておりました	はっ
育成団体のボランティア活動をしておりました	おーそうですか
育成団体のボランティア活動をしておりました	あ
その	そうなんです
その	あー
その	そうなんですね
その	そうなんですね
その関係も	そうだったんですね
その関係もありまして	凄いです
その関係もありまして	おー
えーその	そんなんですね
えー自分でできることといったら何があるかなと考えまして	あー凄い
書道を教えてあげたいな	わ
書道を教えてあげたいな	はああっ
書道を教えてあげたいなあげたいなと	あー
書道を教えてあげたいなあげたいなと	あ書道
書道を教えてあげたいなあげたいなと	あー
書道を教えてあげたいなあげたいなと	書道ですか
書道を教えてあげたいなあげたいなと	へー
書道を教えてあげたいなあげたいなと思いまして	あー
書道を教えてあげたいなあげたいなと思いまして	はいはい
書道を教えてあげたいなあげたいなと思いまして	へえ
書道を教えてあげたいなあげたいなと思いまして	あーいいことです
書道を教えてあげたいなあげたいなと思いまして	ああはい書道ですね
書道を教えてあげたいなあげたいなと思いまして	わー
書道を教えてあげたいなあげたいなと思いまして	書道を
えー書道の	書道
えー書道の	素敵ですね
えー書道の学校にも行きまして	ああ学校行かれて
えー書道の学校にも行きまして	学校にいらしたんですか
えー書道の学校にも行きまして	ええあ学校に行かれて
えー書道の学校にも行きまして	うーん
えー師範の	ええあ師範も取られてるんですか
えー師範の	あー師範を
えー師範の	え師範まで取ったんですか
近くも	おーおー
近くも	わー師範さんなんですね
頂きました	そーですかー
頂きました	おー素晴らしいはい
頂きました	へー凄い
頂きました	うわー
頂きました	まあはい
頂きました	あそうなんですね
頂きました	あーおめでとうございます
これからまー準備を	すごい
これからまー準備を	凄いですね
これからまー準備をして	うーんはっ
えー	そう
それでえーそういう子供達を	んー
それでえーそういう子供達を教えてあげたいと	うーん
それでえーそういう子供達を教えてあげたいと思ってますが	あーいいことですね
それでえーそういう子供達を教えてあげたいと思ってますが	あー
それでえーそういう子供達を教えてあげたいと思ってますが	あ
それでえーそういう子供達を教えてあげたいと思ってますが	あ
それでえーそういう子供達を教えてあげたいと思ってますがまず	素晴らしいですね
それでえーそういう子供達を教えてあげたいと思ってますがまず	素敵ですね
それでえーそういう子供達を教えてあげたいと思ってますがまず	わー
それでえーそういう子供達を教えてあげたいと思ってますがまずそういう	ぜひ
それでえーそういう子供達を教えてあげたいと思ってますがまずそういう一歩がえー達成できたと	そーですよねー
それでえーそういう子供達を教えてあげたいと思ってますがまずそういう一歩がえー達成できたと	あ
それでえーそういう子供達を教えてあげたいと思ってますがまずそういう一歩がえー達成できたという事が	そうですね
それでえーそういう子供達を教えてあげたいと思ってますがまずそういう一歩がえー達成できたという事が最近嬉しかった事と	はー
それでえーそういう子供達を教えてあげたいと思ってますがまずそういう一歩がえー達成できたという事が最近嬉しかった事と	凄いです
それでえーそういう子供達を教えてあげたいと思ってますがまずそういう一歩がえー達成できたという事が最近嬉しかった事といえば	すごいですねー
それでえーそういう子供達を教えてあげたいと思ってますがまずそういう一歩がえー達成できたという事が最近嬉しかった事といえば	そうですね
それでえーそういう子供達を教えてあげたいと思ってますがまずそういう一歩がえー達成できたという事が最近嬉しかった事といえば	あそうですね
それでえーそういう子供達を教えてあげたいと思ってますがまずそういう一歩がえー達成できたという事が最近嬉しかった事といえばいえるこかと	嬉しいですね
それでえーそういう子供達を教えてあげたいと思ってますがまずそういう一歩がえー達成できたという事が最近嬉しかった事といえばいえるこかと思います	資格取られてはい
それでえーそういう子供達を教えてあげたいと思ってますがまずそういう一歩がえー達成できたという事が最近嬉しかった事といえばいえるこかと思います	そうですか
それでえーそういう子供達を教えてあげたいと思ってますがまずそういう一歩がえー達成できたという事が最近嬉しかった事といえばいえるこかと思います	うーんはい
それでえーそういう子供達を教えてあげたいと思ってますがまずそういう一歩がえー達成できたという事が最近嬉しかった事といえばいえるこかと思います	あそうですか
それでえーそういう子供達を教えてあげたいと思ってますがまずそういう一歩がえー達成できたという事が最近嬉しかった事といえばいえるこかと思います	あーそうなんですね
頃	はい小学校の頃
頃えー終戦をむ第二次世界大戦の終戦を迎えましたので	あそうなんですか
頃えー終戦をむ第二次世界大戦の終戦を迎えましたので	あはい
頃えー終戦をむ第二次世界大戦の終戦を迎えましたので	ええあー
全く	そうでしたか
全く遊びの道具は今のような	あー
全く遊びの道具は今のようなあのーものがあの	そうですね
全く遊びの道具は今のようなあのーものがあのない	あっ
全く遊びの道具は今のようなあのーものがあのない	そうですね
全く遊びの道具は今のようなあのーものがあのない時代でした	そーですよねー
全く遊びの道具は今のようなあのーものがあのない時代でした	豊富ではないですよね
全く遊びの道具は今のようなあのーものがあのない時代でした	あーそうかもしれませんね
ですから	そうですよね
のこぎりで	あー
のこぎりで工作を	うん
のこぎりで工作をして	あー
のこぎりで工作をして	ねっ
のこぎりで工作をしてあのーこ	そーですかー
工作物を作ったり	ふーん
工作物を作ったり	へえ
それからえーめんこべー	ベーゴマ
ベーゴマ	ベーゴマ
なんかを	めんこ
なんかをした	ベーゴマ
なんかをした遊んだ	へえ
なんかをした遊んだ時代でした	えーえーあっそーなんですねー
なんかをした遊んだ時代でした	はいそういう時代ですね
なんかをした遊んだ時代でした	あーそうなんですね
なんかをした遊んだ時代でした	あーそうですねーうんうん
なんかをした遊んだ時代でした	はーそうだったんですねーはい
まーベーゴマなんかは	ベーゴマですか
まーベーゴマなんかはあのー	うんベーゴマ
まーベーゴマなんかはあのー	戦わせてっていう
磨きをかけて	はぁー
磨きをかけて	あー
磨きをかけて強く	あー
磨きをかけて強くして	はー
磨きをかけて強くして	あー
磨きをかけて強くして相手をや	はぁー
磨きをかけて強くして相手をや	へえ
磨きをかけて強くして相手をやつけると	うーん
磨きをかけて強くして相手をやつけると	そうなんですね
磨きをかけて強くして相手をやつけるというような	えー
磨きをかけて強くして相手をやつけるというような	うーん
磨きをかけて強くして相手をやつけるというような	へえ
磨きをかけて強くして相手をやつけるというような遊びもしました	そーなんだ
磨きをかけて強くして相手をやつけるというような遊びもしました	あ
磨きをかけて強くして相手をやつけるというような遊びもしました	あーそっか
今の	楽しそうですね
今の	へえ
今の子供さんたちは全くこういうようなことは	そうですね
今の子供さんたちは全くこういうようなことは知らないので	そーですよね
今の子供さんたちは全くこういうようなことは知らないので	あそうですね
今の子供さんたちは全くこういうようなことは知らないので	そうですねー
今の子供さんたちは全くこういうようなことは知らないので	そうですよね
今の子供さんたちは全くこういうようなことは知らないので	あーはい
今の子供さんたちは全くこういうようなことは知らないので	うーんはい
今の子供さんたちは全くこういうようなことは知らないのでこういうこともまー	うん自分でねえ
遊びの中で教えてあげたら	あー
遊びの中で教えてあげたら	あ
遊びの中で教えてあげたら	あはい
遊びの中で教えてあげたら	うん考えて
遊びの中で教えてあげたらいいかなと	きっとねー
遊びの中で教えてあげたらいいかなと	いいです
遊びの中で教えてあげたらいいかなと	ああそうですねー
遊びの中で教えてあげたらいいかなという	そうですね
遊びの中で教えてあげたらいいかなという風に	あ
遊びの中で教えてあげたらいいかなという風に思っています	喜びますきっと
遊びの中で教えてあげたらいいかなという風に思っています	ぜひ教えてください
遊びの中で教えてあげたらいいかなという風に思っています	あー思いますそう思います
遊びの中で教えてあげたらいいかなという風に思っています	いいかもしれませんね
遊びの中で教えてあげたらいいかなという風に思っています	あそうですねせ凄いですね
まーあの自分の趣味として一番	はいご趣味は
まーあの自分の趣味として一番あーにあげられるあのあげるとすれば	はい一番のは
まーあの自分の趣味として一番あーにあげられるあのあげるとすればえー絵画あーまー絵を	絵画うーん
まーあの自分の趣味として一番あーにあげられるあのあげるとすればえー絵画あーまー絵を	あー絵画ですか
まーあの自分の趣味として一番あーにあげられるあのあげるとすればえー絵画あーまー絵を描く	えー
まーあの自分の趣味として一番あーにあげられるあのあげるとすればえー絵画あーまー絵を描くことでしょうか	あーはいわーすごーい
まーあの自分の趣味として一番あーにあげられるあのあげるとすればえー絵画あーまー絵を描くことでしょうか	描くんですねはい
まーあの自分の趣味として一番あーにあげられるあのあげるとすればえー絵画あーまー絵を描くことでしょうか	凄い絵を描けることは凄いですね
まーあの自分の趣味として一番あーにあげられるあのあげるとすればえー絵画あーまー絵を描くことでしょうか	絵をはい
まーあの自分の趣味として一番あーにあげられるあのあげるとすればえー絵画あーまー絵を描くことでしょうか	へー絵画ですか
まーあの自分の趣味として一番あーにあげられるあのあげるとすればえー絵画あーまー絵を描くことでしょうか	うんあそうなんです
えー	絵
えー	素敵ですね
まー仕事で	絵もお描きになるの
まー仕事で	いいことですね絵は
まー仕事であの単身赴任で	あー
まー仕事であの単身赴任でえー札幌に	そうですか
まー仕事であの単身赴任でえー札幌にあのー赴任を	あへー
まー仕事であの単身赴任でえー札幌にあのー赴任をしました時に	札幌にいらしたんですか
まー仕事であの単身赴任でえー札幌にあのー赴任をしました時に	へえ
まー仕事であの単身赴任でえー札幌にあのー赴任をしました時に	あー札幌ですか
まーしご仕事以外特に休みの日なんかやることがなかったので	そうですよね
まーしご仕事以外特に休みの日なんかやることがなかったので	あーはは
えー近くの公園等に行って	へえ
えー近くの公園等に行ってえースケッチを始めたのが	あーそうなんですか
えー近くの公園等に行ってえースケッチを始めたのが	あー絵を描かれたんですね
えー近くの公園等に行ってえースケッチを始めたのが	ああ
えー近くの公園等に行ってえースケッチを始めたのが	うんあー
えー近くの公園等に行ってえースケッチを始めたのがえー	あー
えー近くの公園等に行ってえースケッチを始めたのがえーこの趣味の	へー
えー近くの公園等に行ってえースケッチを始めたのがえーこの趣味の	あ
えー近くの公園等に行ってえースケッチを始めたのがえーこの趣味の	わー
えー近くの公園等に行ってえースケッチを始めたのがえーこの趣味の始まりでした	あーそーなんですねー
えー近くの公園等に行ってえースケッチを始めたのがえーこの趣味の始まりでした	凄いです
えー近くの公園等に行ってえースケッチを始めたのがえーこの趣味の始まりでした	あーそうなんですか
えー近くの公園等に行ってえースケッチを始めたのがえーこの趣味の始まりでした	あそうなんですね
えー近くの公園等に行ってえースケッチを始めたのがえーこの趣味の始まりでした	いいですね
えー近くの公園等に行ってえースケッチを始めたのがえーこの趣味の始まりでした	あーいいですねうん
風景画を	外で
風景画を描くと	はあ
風景画を描くという楽しみが	わあ
そこでえーおぼえあのそこで始まったわけですが	あーあー
そこでえーおぼえあのそこで始まったわけですが	へえ
そこでえーおぼえあのそこで始まったわけですが	あー
そこでえーおぼえあのそこで始まったわけですがそのあと色々とまーその趣味をつづ続けておりまして	そーなんですねー
そこでえーおぼえあのそこで始まったわけですがそのあと色々とまーその趣味をつづ続けておりましてまーこれがあの生涯のあのーライフワークになるような	わぁそーですかー
そこでえーおぼえあのそこで始まったわけですがそのあと色々とまーその趣味をつづ続けておりましてまーこれがあの生涯のあのーライフワークになるような	うーん
そこでえーおぼえあのそこで始まったわけですがそのあと色々とまーその趣味をつづ続けておりましてまーこれがあの生涯のあのーライフワークになるような	あーいいですねーええ
そこでえーおぼえあのそこで始まったわけですがそのあと色々とまーその趣味をつづ続けておりましてまーこれがあの生涯のあのーライフワークになるような	わあ
そこでえーおぼえあのそこで始まったわけですがそのあと色々とまーその趣味をつづ続けておりましてまーこれがあの生涯のあのーライフワークになるようなえーことが	すごいいいですねーライフワーク
そこでえーおぼえあのそこで始まったわけですがそのあと色々とまーその趣味をつづ続けておりましてまーこれがあの生涯のあのーライフワークになるようなえーことが	そうですねうんうん
そこでえーおぼえあのそこで始まったわけですがそのあと色々とまーその趣味をつづ続けておりましてまーこれがあの生涯のあのーライフワークになるようなえーことが	はいライフワークなんですね
できたという風に思って	はぁー
できたという風に思って	いい趣味です
できたという風に思って	そうですね
できたという風に思って	あそうですね
大変これはあの良かったなと	そーですよねー
大変これはあの良かったなと	うん良かったです
大変これはあの良かったなという風に思っています	そうですね
大変これはあの良かったなという風に思っています	はあ
大変これはあの良かったなという風に思っています	あそうですね
またあの	素敵ですね
またあのそれ以外にも	ライフワークですねうーん
またあのそれ以外にもまー	それ以外にも
またあのそれ以外にもまーいろんな機会の中であの陶芸やら	わぁ
またあのそれ以外にもまーいろんな機会の中であの陶芸やら	あ陶芸
またあのそれ以外にもまーいろんな機会の中であの陶芸やら	陶芸もですか
またあのそれ以外にもまーいろんな機会の中であの陶芸やら	あ陶芸も
またあのそれ以外にもまーいろんな機会の中であの陶芸やらえー何かもやる機会も持ちましたけども	わぁそーですかー
またあのそれ以外にもまーいろんな機会の中であの陶芸やらえー何かもやる機会も持ちましたけども	へえ
またあのそれ以外にもまーいろんな機会の中であの陶芸やらえー何かもやる機会も持ちましたけども	あーそうなんですね
まーこういう風な内容の趣味のことをこれからも続けていけたらな	そーですよねー
まーこういう風な内容の趣味のことをこれからも続けていけたらな	ええそうですね
まーこういう風な内容の趣味のことをこれからも続けていけたらな	あはい
まーこういう風な内容の趣味のことをこれからも続けていけたらな	あ
まーこういう風な内容の趣味のことをこれからも続けていけたらな	ねえぜひ
まーこういう風な内容の趣味のことをこれからも続けていけたらなという	ぜひぜひ
まーこういう風な内容の趣味のことをこれからも続けていけたらなという風に	うんそうですね
まーこういう風な内容の趣味のことをこれからも続けていけたらなという風に思っています	ほんとにたくさん
まーこういう風な内容の趣味のことをこれからも続けていけたらなという風に思っています	はー素敵だと思います
まーこういう風な内容の趣味のことをこれからも続けていけたらなという風に思っています	そうですね
まーこういう風な内容の趣味のことをこれからも続けていけたらなという風に思っています	続けてください
まーこういう風な内容の趣味のことをこれからも続けていけたらなという風に思っています	そうですね
まーこういう風な内容の趣味のことをこれからも続けていけたらなという風に思っています	いいと思いますはい
まーこういう風な内容の趣味のことをこれからも続けていけたらなという風に思っています	あそうですかはい
まーこういう風な内容の趣味のことをこれからも続けていけたらなという風に思っています	はっはい
特にえー何になりたいというのはなかったんですが	あー
まーあの高等学校時代の年代でこれかこれから就職をということでの時代でしたけどもやはり	あーはい
まーあの高等学校時代の年代でこれかこれから就職をということでの時代でしたけどもやはりあのーその頃からまー飛行機	飛行機
あー段々発達をしてきて	へえ
あー段々発達をしてきて	あー
なんか大空を飛ぶというのが凄くいいなと	うーん
なんか大空を飛ぶというのが凄くいいなと	そうですよね
なんか大空を飛ぶというのが凄くいいなと	あーそうですね
なんか大空を飛ぶというのが凄くいいなという	あー
なんか大空を飛ぶというのが凄くいいなという	あー
なんか大空を飛ぶというのが凄くいいなという風に	あー
なんか大空を飛ぶというのが凄くいいなという風に	いいですよね
なんか大空を飛ぶというのが凄くいいなという風に	あー
なんか大空を飛ぶというのが凄くいいなという風に	いいなと
なんか大空を飛ぶというのが凄くいいなという風に思って	飛行機そうですね
なんか大空を飛ぶというのが凄くいいなという風に思って	そうですね
なんか大空を飛ぶというのが凄くいいなという風に思って	そうですよね
なんか大空を飛ぶというのが凄くいいなという風に思って	はい思われたんですね
えー	飛行機
えー	憧れですね
まパイロットに	うーん
まパイロットになりたかったんです	あーそーなんですかー
まパイロットになりたかったんです	あーはいはいはい
まパイロットになりたかったんです	あーかっこいい
まパイロットになりたかったんです	ああ
まパイロットになりたかったんです	うーんあー
まパイロットになりたかったんです	パイロットですか
まパイロットになりたかったんです	うーんかっこいいですよね
まパイロットになりたかったんです	あーそうなんですか
やはり	いいですね
やはりあの	そうですか
やはりあの目がちょっと	はー
やはりあの目がちょっと良くないと	うーん
やはりあの目がちょっと良くないと	あうーん
やはりあの目がちょっと良くないという	ああああ
やはりあの目がちょっと良くないという事も	あ
やはりあの目がちょっと良くないという事も	あー
やはりあの目がちょっと良くないという事も	目視力がいるんですね
やはりあの目がちょっと良くないという事も	ああああああああ
やはりあの目がちょっと良くないという事もあって	あー
やはりあの目がちょっと良くないという事もあって	あーそうなんですね
やはりあの目がちょっと良くないという事もあって	それは関係あるんですね
やはりあの目がちょっと良くないという事もあって	あそうですね
やはりあの目がちょっと良くないという事もあって	あー
やはりあの目がちょっと良くないという事もあって	あーそうですか
やはりあの目がちょっと良くないという事もあって	パイロット目が良くないとダメですもんね
まーそいじゃー	そーなんですねー
まーそいじゃー	そうなんですね
まーそいじゃー航空管制官になれなれば	あー
まーそいじゃー航空管制官になれなれば	あ
まーそいじゃー航空管制官になれなればだいじょぶかなと	あー
まーそいじゃー航空管制官になれなればだいじょぶかなと	管制官ですか
まーそいじゃー航空管制官になれなればだいじょぶかなというような	あ
まーそいじゃー航空管制官になれなればだいじょぶかなというような事で	あー
まーそいじゃー航空管制官になれなればだいじょぶかなというような事でそちらの	はあはあ
あの希望をしてえー調べてみたんですが	あー
最終的には	はあ
最終的にはえーその希望はかないませんでした	あーそーだったんですねー
最終的にはえーその希望はかないませんでした	あーそうですか
最終的にはえーその希望はかないませんでした	あーそうなんですか
最終的にはえーその希望はかないませんでした	あそうですか
最終的にはえーその希望はかないませんでした	ああ
最終的にはえーその希望はかないませんでした	ええあーそうですかうん
最終的にはえーその希望はかないませんでした	あーそうですかうん
最終的にはえーその希望はかないませんでした	あーそうなんですね
んー誰でもあの今の子供でも憧れてると思いますがまた	あはい
あの鉄道関係の	あー
あの鉄道関係の	ああ
あの鉄道関係の	うーん
あの鉄道関係の	あー
あの鉄道関係の	はー
あの鉄道関係の	あー
あの鉄道関係のえー仕事が	鉄道の
あの鉄道関係のえー仕事が	そうですね
あの鉄道関係のえー仕事が	あー鉄道ね
あの鉄道関係のえー仕事がしたいなと	あー
あの鉄道関係のえー仕事がしたいなと	鉄道関係なんですね
あの鉄道関係のえー仕事がしたいなと思って	はぁー
あの鉄道関係のえー仕事がしたいなと思って	ああ
あの鉄道関係のえー仕事がしたいなと思って	うんそうですね
あの鉄道関係のえー仕事がしたいなと思って	はあ
あの鉄道関係のえー仕事がしたいなと思って	そうですね
あの鉄道関係のえー仕事がしたいなと思って特に	そーなんですね
あの鉄道関係のえー仕事がしたいなと思って特に	いいですね
あの鉄道関係のえー仕事がしたいなと思って特にあの電車の	好きな人いますもんね
あの鉄道関係のえー仕事がしたいなと思って特にあの電車の運転手さんに	は運転手さんですか
ほんとに	あーそー
ほんとに	そうですね
ほんとに	いいですよね
ほんとに	そうですね
ほんとにえー小学校の始めの	んー
ほんとにえー小学校の始めの頃から	人気ありますよね
ほんとにえー小学校の始めの頃から	へえ
ほんとにえー小学校の始めの頃から幼稚園の頃なんかはなりたいなーと	そーですねー
いうよな	そうですよね
あの	かっこいいですよねー
あの思いがありました	あ憧れてたんですね
あの思いがありました	いいですね
あの思いがありました	うーん
あの思いがありました	思ってらしたんですね
まー人あの人の役に立つことをしたいという風に	あー
まー人あの人の役に立つことをしたいという風に申しあげましたけども	いいです
まー人あの人の役に立つことをしたいという風に申しあげましたけども	ええそうですね
まー人あの人の役に立つことをしたいという風に申しあげましたけども	は素晴ら
まー人あの人の役に立つことをしたいという風に申しあげましたけども	役に立つねうんうん
まー人あの人の役に立つことをしたいという風に申しあげましたけども	そうですねうーん
まー人あの人の役に立つことをしたいという風に申しあげましたけどもまー	素晴らしいです
えー	どういうことでしょうか
子供たちに教えたいと	はいあー
子供たちに教えたいと	書道ですね
子供たちに教えたいと	書道ですか
子供たちに教えたいと	はー
いうことが	そうですね
いうことが今一番	あ
いうことが今一番したい	あっ
いうことが今一番したい	素敵ですよね
いうことが今一番したいことの	そーなんですねー
いうことが今一番したいことの	へえ
いうことが今一番したいことの	あー素晴らしいです
いうことが今一番したいことの	あそうなんですか
ひとつです	お習字を
ひとつです	あーそうですか
ひとつです	うーん
ひとつです	はー素敵です
あともう一つ	あともう一つは
時間もとれるようになりましたので	あそうですね
えーこれから	定年退職されたのでね
あのー	これからは
四国の八十八か所の	あー
四国の八十八か所の	あー
四国の八十八か所の	あ
四国の八十八か所の	あっ
四国の八十八か所の	あーはい
四国の八十八か所の	あー
四国の八十八か所のえー	あー
四国の八十八か所のえー	あー
四国の八十八か所のえー	それはもう
四国の八十八か所のえーお遍路を	うわぁーお遍路
四国の八十八か所のえーお遍路を	ああ
四国の八十八か所のえーお遍路を	巡りたい
四国の八十八か所のえーお遍路を	へえ
四国の八十八か所のえーお遍路を	あーへー
四国の八十八か所のえーお遍路を	はっえー
四国の八十八か所のえーお遍路を	あっそうなんですか
四国の八十八か所のえーお遍路を	お遍路さん
出来るだけ	行きたいですね
出来るだけ早い	うーん
出来るだけ早い	長年の夢なんですねそれが
出来るだけ早い時期に	ああ
出来るだけ早い時期に	いいですね
出来るだけ早い時期に	お遍路さんですか
実現したいと	あー88カ所
実現したいと	そうですか
実現したいと	ああ
実現したいと	ええあ
実現したいと	動けるうちにうーん
いう風に	そうですね
いう風に	わあ
いう風に思ってます	はぁーすごーい
いう風に思ってます	ふーんうんなるほど
いう風に思ってます	ぜひ実現してください
いう風に思ってます	素敵ですね
いう風に思ってます	凄いですね
えーしてもらいたいことは何ですかと	してもらいたいことはなんでしょうか
まー	はいどうでしょうか
そーですねー特に	えーそーですかしてもらいたいこと
そーですねー特に	うーんんふふふ
そーですねー特に	はいそうですねはい
これといって	うーん
ないと	えーないですか
ないと	あそうですか
ないと	あそうですかはい
ないと	そうですか
いう事でしょうかはい	ないですかはいはい
いう事でしょうかはい	あーそうなんですか
いう事でしょうかはい	あっはい
いう事でしょうかはい	そうかはい
