もう すでに あの 会社 の 実権 を 息子 に 譲っ て ます けど も 	あっ 
できる だけ 	そう な ん です か 
できる だけ サポート を し て いき たい な と 	そう です ね 
できる だけ サポート を し て いき たい な と 	は 
できる だけ サポート を し て いき たい な と 	そう です ね 
いう ふう に 	助け て あげ て ください 
いう ふう に 	あー 
いう ふう に 	まだ ご 一緒 に 
いう ふう に 思っ て い ます 	ねぇ きっと 
いう ふう に 思っ て い ます 	あー そう な ん です ね 
いう ふう に 思っ て い ます 	へえ 
いう ふう に 思っ て い ます 	そう いう こと です ね 
我が家 は あの 千駄ヶ谷 な もん です から 	はい えー えー 千駄ヶ谷 
我が家 は あの 千駄ヶ谷 な もん です から 	あ はい 
我が家 は あの 千駄ヶ谷 な もん です から 	え はい 
えー 千駄ヶ谷 じゃ ない 代々木 と 千駄ヶ谷 の 	あっ 
えー 千駄ヶ谷 じゃ ない 代々木 と 千駄ヶ谷 の あいだ な 	あ 間 で 
えー 千駄ヶ谷 じゃ ない 代々木 と 千駄ヶ谷 の あいだ な もん です から 	あっ はい えー えー 
えー 千駄ヶ谷 じゃ ない 代々木 と 千駄ヶ谷 の あいだ な もん です から 	あ はい 
えー 千駄ヶ谷 じゃ ない 代々木 と 千駄ヶ谷 の あいだ な もん です から 	あ そう な ん です ね 
えー 千駄ヶ谷 じゃ ない 代々木 と 千駄ヶ谷 の あいだ な もん です から 	はー そう な ん です ね 
代々木 まで 歩い て 	はい あっ はい 
えー 	歩い て 
代々木 から 大 江戸 線 で 	はい 大 江戸 線 乗っ て 
都庁 前 	はい 都庁 前 
若松 河田 で 降り 	あ はい 
来 まし た 	あ はい そう です か 
来 まし た 	いらっしゃっ た はい あ そう お 疲れ 様 です 
来 まし た 	うん ありがとう ござい ます 
んー あと 何 を 言う ん です か ね 	ふふ そー です よ ねー 
んー あと 何 を 言う ん です か ね 	ん ふ 
んー あと 何 を 言う ん です か ね 	ん はははは はっ はは 
んー あと 何 を 言う ん です か ね 	あはっ はい お 願い し ます 
んー あと 何 を 言う ん です か ね 	あはは 
えー 	む ず かしい です 
えー 	ん ふっ 困り ます ねー 
えー 	どう でしょう か もう 少し 
あの 最近 こう 気温 が 高い もん です から 	そう です よ ね 
あの 最近 こう 気温 が 高い もん です から 	気温 が 高い です ね 
あの 最近 こう 気温 が 高い もん です から 	あ そう です ね 
えー 	暑い です ね 
普段 は 被ら ない 帽子 を 今日 は 	あっ 
普段 は 被ら ない 帽子 を 今日 は 	あ そう です か 
普段 は 被ら ない 帽子 を 今日 は 	あっ そう です 
普段 は 被ら ない 帽子 を 今日 は 	はあ 
普段 は 被ら ない 帽子 を 今日 は 	あー 
普段 は 被ら ない 帽子 を 今日 は 	あ かぶっ て き た ん です か 
あー 	それ が いい です 
あー 被っ て 	そー そー な ん です ねー お 帽子 かぶら れ た 
あー 被っ て 	暑 た さ 暑 暑い から です か ね 
あー 被っ て 	あー そう だっ た ん です ね 
あー 被っ て 	普段 は かぶら れ ない ん です ね 帽子 は 
あー 被っ て 	はい はい うん 暑い です もん ね 
あー 被っ て 	あー ありがとう ござい ます 
来 まし た 	あー そー です かー 
来 まし た 	は そう です か 
えー ちょっと 恥ずかしい よう な 	いえ いえ 
えー ちょっと 恥ずかしい よう な 	ええ 
えー ちょっと 恥ずかしい よう な 思い も 	そ 
えー ちょっと 恥ずかしい よう な 思い も 	いや そんな こと ない です 
えー ちょっと 恥ずかしい よう な 思い も し まし た けど も 	お 似合い です よー 
えー ちょっと 恥ずかしい よう な 思い も し まし た けど も 	え そう な ん です か 
えー ちょっと 恥ずかしい よう な 思い も し まし た けど も 	ああ そう な ん です か 
えー ちょっと 恥ずかしい よう な 思い も し まし た けど も 	い えいえい えー 
えー ちょっと 恥ずかしい よう な 思い も し まし た けど も 	そう です か うん 
えー ちょっと 恥ずかしい よう な 思い も し まし た けど も 	そう です か お 似合い だ と 思い ます 
えー ちょっと 恥ずかしい よう な 思い も し まし た けど も 	あはっ そんな こと ない です よ 
えー ちょっと 恥ずかしい よう な 思い も し まし た けど も 	似合っ て ます 
熱中 症 に なら ない よう に 	そー です よー 
熱中 症 に なら ない よう に 	あー 大事 です ね 
熱中 症 に なら ない よう に 	うん そう です ね 
熱中 症 に なら ない よう に 	うん そう です よ ね 
熱中 症 に なら ない よう に 	はい そう です ね 
熱中 症 に なら ない よう に 	ええ ええ そう です そう です え え 
熱中 症 に なら ない よう に 	うん そう です ね 
気 を 付け て 	そう です ね 
気 を 付け て 来 まし た 	素敵 です よー お 帽子 はい 
気 を 付け て 来 まし た 	はい気 を つけ て ください 
気 を 付け て 来 まし た 	そう です 
気 を 付け て 来 まし た 	必要 です よ ね うん 
気 を 付け て 来 まし た 	対策 し て ください 
えー 電車 は 	電車 は 
ずっと すい て おり まし た の で 	あっ そー です かー よかっ た です ねー 
ずっと すい て おり まし た の で 	あ そう でし た か 
ずっと すい て おり まし た の で 	は 良かっ た です 
ずっと すい て おり まし た の で 	あー はい 
えー 代々木 から 	座れ まし た か うん 
えー 代々木 から ここ まで 座っ て 来る 	あー 
えー 代々木 から ここ まで 座っ て 来る こと が 	あ 
えー 代々木 から ここ まで 座っ て 来る こと が 	良かっ た です 
えー 代々木 から ここ まで 座っ て 来る こと が でき まし た 	楽 です よ ねー やっぱり 座る と 
えー 代々木 から ここ まで 座っ て 来る こと が でき まし た 	あー そう な ん で 良かっ た です ね 
えー 代々木 から ここ まで 座っ て 来る こと が でき まし た 	良かっ た です 
えー 代々木 から ここ まで 座っ て 来る こと が でき まし た 	あー ほんと です か はい 
えー 代々木 から ここ まで 座っ て 来る こと が でき まし た 	あ 良かっ た です ね 
えー 代々木 から ここ まで 座っ て 来る こと が でき まし た 	凄い 良かっ た です ね 
えー 代々木 から ここ まで 座っ て 来る こと が でき まし た 	あっ 
まー わたくし だいたい スポーツ する こと が 好き な ん です けど も 	あー あー そー な ん です ね スポーツ が 
まー わたくし だいたい スポーツ する こと が 好き な ん です けど も 	あ はい 
まー わたくし だいたい スポーツ する こと が 好き な ん です けど も 	あ そう です か はい いい こと です ね 
まー わたくし だいたい スポーツ する こと が 好き な ん です けど も 	いい です ねー 
まー わたくし だいたい スポーツ する こと が 好き な ん です けど も 	あ はい 
まー わたくし だいたい スポーツ する こと が 好き な ん です けど も 	あ はい ええ ええ 
まー わたくし だいたい スポーツ する こと が 好き な ん です けど も 	スポーツ が お 好き な ん です ね 
まー わたくし だいたい スポーツ する こと が 好き な ん です けど も 	うん 遅い です か うん はい 
えー 	へえ 
大学 卒業 し て 社会 人 に 	卒業 し て 社会 人 に なっ て 
大学 卒業 し て 社会 人 に なっ て から 	あ はい 
大学 卒業 し て 社会 人 に なっ て から 	あ はい 
えー ゴルフ を はじめ まし て 	あー ゴルフ はい 
えー ゴルフ を はじめ まし て 	あー そう な ん です か 
えー ゴルフ を はじめ まし て 	はい ゴルフ はい 
えー ゴルフ を はじめ まし て 	あー ゴルフ は いい 運動 です 
えー ゴルフ を はじめ まし て 	あっ 健康 に は いい です 
えー ゴルフ を はじめ まし て 	あー そう です か 
えー ゴルフ を はじめ まし て 	ゴルフ を です か わー 
えー ゴルフ を はじめ まし て 	うん あー そう です か うーん うん うん うん 
えー 	いい です ね 
今 まで やっ て き た スポーツ に 比べりゃ 全然 簡単 だ と 思っ て た ん です が 	えー そー です かー 
今 まで やっ て き た スポーツ に 比べりゃ 全然 簡単 だ と 思っ て た ん です が 	あっはっはっ はっはっは 
今 まで やっ て き た スポーツ に 比べりゃ 全然 簡単 だ と 思っ て た ん です が 	そう です よ ね 
今 まで やっ て き た スポーツ に 比べりゃ 全然 簡単 だ と 思っ て た ん です が 	はあ 
今 まで やっ て き た スポーツ に 比べりゃ 全然 簡単 だ と 思っ て た ん です が 	あはっ あー そう な ん です ね 
今 まで やっ て き た スポーツ に 比べりゃ 全然 簡単 だ と 思っ て た ん です が 	あはは っ あー ええ 
非常 に 難しく て 	はい です よ ねー 
非常 に 難しく て 	ああ 
非常 に 難しく て 	難しかっ た です か 
非常 に 難しく て 	むつかしい はい 
非常 に 難しく て 	そう な ん です 
非常 に 難しく て 	あー そう な ん です ね 
非常 に 難しく て 	あー そう です か 
非常 に 難しく て 	はあ 
非常 に 難しく て 	あっ そう な ん です ね 
止まっ てる ボール を 	うーん 
止まっ てる ボール を 打つ の が こんな に 難しい 	ええ へ はっ 
止まっ てる ボール を 打つ の が こんな に 難しい 	ねえ 
止まっ てる ボール を 打つ の が こんな に 難しい もん か と 	ふふ ほんと に 
止まっ てる ボール を 打つ の が こんな に 難しい もん か と 	そう です ね 
止まっ てる ボール を 打つ の が こんな に 難しい もん か と 	あー 
止まっ てる ボール を 打つ の が こんな に 難しい もん か と 	はあ 
止まっ てる ボール を 打つ の が こんな に 難しい もん か と 	そう です ね 
止まっ てる ボール を 打つ の が こんな に 難しい もん か と いう 	そう な ん です ね 
止まっ てる ボール を 打つ の が こんな に 難しい もん か と いう 風 に 思っ て 一生 懸命 練習 を 	止まっ て いる ボール 
えー 	練習 です ねー 
ハンディキャップ が 1 1 まで 上がっ た ん です が 	す ご い 
ハンディキャップ が 1 1 まで 上がっ た ん です が 	あっ 
ハンディキャップ が 1 1 まで 上がっ た ん です が 	へー 凄い です 
ハンディキャップ が 1 1 まで 上がっ た ん です が 	あー す 素晴らしい です ね 
ハンディキャップ が 1 1 まで 上がっ た ん です が 	ええ あー 
ハンディキャップ が 1 1 まで 上がっ た ん です が 	はー 凄い 
ハンディキャップ が 1 1 まで 上がっ た ん です が 	おー 
ハンディキャップ が 1 1 まで 上がっ た ん です が 	おー そう な ん です か 
えー 	そう な ん です ね 
えー さすが に もう 歳 で 	い すごーい です よー 
えー さすが に もう 歳 で 	ええ ふふ 
えー さすが に もう 歳 で 	ええ ええ ええ いやいや 
ハンディキャップ が どんどん どんどん 	あー は あ 
ハンディキャップ が どんどん どんどん 増え て いき まし た けど も 	あー そー です かー はい 
ハンディキャップ が どんどん どんどん 増え て いき まし た けど も 	ええ ああ で も いい です 
ハンディキャップ が どんどん どんどん 増え て いき まし た けど も 	嬉しい です ね 
えー 	運動 に なり ます から 
えー 	あっ 
グランド シニア の セカンド フライト です けど も 	はい 
グランド シニア の セカンド フライト です けど も 	あ はい 
2 年 連続 	はい 二 年 連続 で 
優勝 が でき た こと が 	うわー 
優勝 が でき た こと が 	あー 凄い じゃ ない です か 
優勝 が でき た こと が 	おー 
優勝 が でき た こと が 	やー お めでとう ござい ます ー 素晴らしい です ね 
優勝 が でき た こと が 	あ 凄い です 
優勝 が でき た こと が 	わあ 
優勝 が でき た こと が 	あ 素晴らしい 
優勝 が でき た こと が 	あー そう な ん です ね 
優勝 が でき た こと が 	わあ 
優勝 が でき た こと が 	おー 凄い 
優勝 が でき た こと が 	凄い です ね 
非常 に 	す すごーい です よ ねー 
非常 に 	凄い です ね 
非常 に 嬉しかっ た と 	優勝 です か 
非常 に 嬉しかっ た と 	凄い です ね 
非常 に 嬉しかっ た と 	うん それ は 
非常 に 嬉しかっ た と 思っ て い ます 	お めでとう ござい ます 
非常 に 嬉しかっ た と 思っ て い ます 	わー さすが です ね 
非常 に 嬉しかっ た と 思っ て い ます 	あ 嬉しい です ね 
非常 に 嬉しかっ た と 思っ て い ます 	凄い です ね 
非常 に 嬉しかっ た と 思っ て い ます 	それ は 嬉しい です 
えーと 一番 よく 遊ん だ の は 	一番 よく 遊ん だ の は 
えー めんこ です ね 	あっ メンコ はい 
えー めんこ です ね 	あー はい はい 
えー めんこ です ね 	あー 
えー めんこ です ね 	あ めんこ ねー はい 
えー めんこ です ね 	あ めんこ です ね 
えー めんこ です ね 	あー めんこ です か 
えー めんこ です ね 	めんこ です か 
えー めんこ です ね 	あー 
それ から 	はい それ から 
それ から 	はい は はい 
えー 	はい ほか に は どんな こと を さ れ た ん です か 
めんこ と 	はい めんこ と 
めんこ と 	うん めんこ と 
ビー玉 	メンコ と あっ はい ビー玉 
ビー玉 	あー ビー玉 ね 
ビー玉 	あ ビー玉 うん 
ビー玉 	あ ビー玉 
ビー玉 	ビー玉 です か 
ビー玉 	うん あ はい ビー玉 ね 
ビー玉 	ビー玉 はい 
それ から 	はい それ から 
缶蹴り 	缶蹴り はい 
缶蹴り 	あ 缶蹴り 楽しい です ねー 
缶蹴り 	あー そう な ん です ね ー うん うん 
缶蹴り 	缶蹴り です か わー いい です ね 
んー 	やり まし た 
んー 	わあ 
んー 	ほか は どう でしょう か 
で めんこ は あの 四角い の や 	めんこ は 
で めんこ は あの 四角い の や 丸い の が あり ま あっ て 	あー そー です よ ねー 
で めんこ は あの 四角い の や 丸い の が あり ま あっ て 	あー そう です か 
で めんこ は あの 四角い の や 丸い の が あり ま あっ て 	は 四角 と 丸 が ある ん です ね 
で めんこ は あの 四角い の や 丸い の が あり ま あっ て 	あ はー 四角い の も ある ん です ね 
えー 相手 の 	四角い の 
めんこ を ひっくり返す と 	へえ 
めんこ を ひっくり返す と 	相手 の めんこ を ひっくり返す と 
めんこ を ひっくり返す と 上 から たたきつけ て ひっくり返す と 	あー は あ 
めんこ を ひっくり返す と 上 から たたきつけ て ひっくり返す と 自分 の もの に 	もの に なる って いう 
めんこ を ひっくり返す と 上 から たたきつけ て ひっくり返す と 自分 の もの に なる と 	あー 
めんこ を ひっくり返す と 上 から たたきつけ て ひっくり返す と 自分 の もの に なる と 	自分 の もの に なる ん です か 
めんこ を ひっくり返す と 上 から たたきつけ て ひっくり返す と 自分 の もの に なる と いう 	そう です よ ね 
めんこ を ひっくり返す と 上 から たたきつけ て ひっくり返す と 自分 の もの に なる と いう 	へえ 
めんこ を ひっくり返す と 上 から たたきつけ て ひっくり返す と 自分 の もの に なる と いう 	あー 
めんこ を ひっくり返す と 上 から たたきつけ て ひっくり返す と 自分 の もの に なる と いう 	あー はい 
遊び 方 	あっ はい はい 
遊び 方 	そう なっ てる ん です ね 
遊び 方 	あー 
遊び 方 	そう です 
それ から 	たたきつけ て 
それ から ビー玉 は 	はい ビー玉 は 
親指 と 人差し 指 で 	親指 と 人差し 指 の 
あの 相手 の 	親指 と 
ビー玉 に ぶつける 	あー はい 
ビー玉 に ぶつける 	あー はい はい 
ビー玉 に ぶつける 	はい あ ちょこん と やる ん です ね 
ビー玉 に ぶつける 	ああ はい やり まし た 
ビー玉 に ぶつける 	間 の ビー玉 に ぶつける ん です か 
それ で えー 当たれ ば 	親指 と 人差し 指 で 
それ で えー 当たれ ば 	はい 当たれ ば 
その 	あー 
その ビー玉 が 	もらえる 
その ビー玉 が 自分 の 	あっ 
その ビー玉 が 自分 の もの に 	そー な ん です ねー 
その ビー玉 が 自分 の もの に 	あ 
その ビー玉 が 自分 の もの に なる 	へえ 
その ビー玉 が 自分 の もの に なる 	なるほど はい そう いう こと な ん です ね 
その ビー玉 が 自分 の もの に なる 	あー 
その ビー玉 が 自分 の もの に なる 	もらえる うん 
その ビー玉 が 自分 の もの に なる 	あー そう な ん です か うーん 
あと は 缶蹴り は 	あと は 缶蹴り は 
鬼 を 決め て 	あー 鬼 が いる ん です よ ね 
鬼 を 決め て 	鬼 を 決め て 
みんな 隠れ て 鬼 が よそ を み 見 てる 間 に 	やー 
みんな 隠れ て 鬼 が よそ を み 見 てる 間 に その 缶 を 蹴っ て また 	あー 
みんな 隠れ て 鬼 が よそ を み 見 てる 間 に その 缶 を 蹴っ て また 隠れる と 	あー はい はい そー です ね 
みんな 隠れ て 鬼 が よそ を み 見 てる 間 に その 缶 を 蹴っ て また 隠れる と 	その 隙 を 狙っ て です ね 
みんな 隠れ て 鬼 が よそ を み 見 てる 間 に その 缶 を 蹴っ て また 隠れる と 	そう です ね 
みんな 隠れ て 鬼 が よそ を み 見 てる 間 に その 缶 を 蹴っ て また 隠れる と 	えー あー 
みんな 隠れ て 鬼 が よそ を み 見 てる 間 に その 缶 を 蹴っ て また 隠れる と 	えー ふふっ 
みんな 隠れ て 鬼 が よそ を み 見 てる 間 に その 缶 を 蹴っ て また 隠れる と 	うーん そう です ね 
んで その 	そう なっ てる ん です ね 
その 人 が 今度 鬼 に 	あー 
その 人 が 今度 鬼 に 	あー 
その 人 が 今度 鬼 に なる と 	交代 です ね 
その 人 が 今度 鬼 に なる と 	なるほど 
その 人 が 今度 鬼 に なる と 	交代 
いう よう な 	缶蹴り 
いう よう な 遊び がた を 	あー そー です ねー 
いう よう な 遊び がた を 	へえ 
いう よう な 遊び がた を 	あ そう な ん です ね 
いう よう な 遊び がた を 	へえ 
し た こと が 	ええ いい 思い出 です ね 
し た こと が 	はー そう だっ た ん です ねー 
あり ます 	あー あり ます あ 懐かしい です 
あり ます 	はい あっ 
もともと 運動 する こと が 大好き でし た から 	あっ そー な ん です ねー 
もともと 運動 する こと が 大好き でし た から 	あ はい そう です か 
もともと 運動 する こと が 大好き でし た から 	はー 運動 が お 好き だっ た ん です ね 
中学 時代 は バスケット 	バスケット はい 
中学 時代 は バスケット 	バスケット 
中学 時代 は バスケット 	はい バスケット 
中学 時代 は バスケット 	はあ 
中学 時代 は バスケット 	あー す 
で ー 	凄い 凄い です ね バスケットボール 
その 中学 生 の 三 年 生 の 	ええ 
その 中学 生 の 三 年 生 の 	中学 生 の 時 は 
えー 	三 年 生 の 時 
体操 の 先生 に 連れ られ て 	はい 体操 です か 
えー ちち ぶら 秩父宮 ラグビー 場 に 	あー はい 
えー ちち ぶら 秩父宮 ラグビー 場 に 	あー はい 
えー ちち ぶら 秩父宮 ラグビー 場 に 	へえ 
えー ちち ぶら 秩父宮 ラグビー 場 に 	あ はい ええ ええ 
えー ちち ぶら 秩父宮 ラグビー 場 に 	はい ラグビー 場 に 
えー ちち ぶら 秩父宮 ラグビー 場 に 	うん ほー はい 
えー ちち ぶら 秩父宮 ラグビー 場 に 	あー 今度 は ラグビー です か もし か し て 
当時 の 	えー 
当時 の あの オックスフォード 大学 の 	すごい はい 
当時 の あの オックスフォード 大学 の 	ええ うーん 
大学 チーム と 	えっ 
大学 チーム と 	へえ 
大学 チーム と 	うん あー そう な ん です か 
大学 チーム と 	へー オクスフォード 大学 の チーム と 
大学 チーム と 	おお 
選抜 大学 選抜 チーム と の 試合 を 	はぁー 
選抜 大学 選抜 チーム と の 試合 を 初めて 	あ 
選抜 大学 選抜 チーム と の 試合 を 初めて まー 	すごーい 
選抜 大学 選抜 チーム と の 試合 を 初めて まー 	そう な ん です ね 
選抜 大学 選抜 チーム と の 試合 を 初めて まー 	わー 
選抜 大学 選抜 チーム と の 試合 を 初めて まー 見 に 行っ た ん です けど も 	うわー 
選抜 大学 選抜 チーム と の 試合 を 初めて まー 見 に 行っ た ん です けど も 	へー 
選抜 大学 選抜 チーム と の 試合 を 初めて まー 見 に 行っ た ん です けど も 	はー そう な ん です か はい 
選抜 大学 選抜 チーム と の 試合 を 初めて まー 見 に 行っ た ん です けど も 	えー 
選抜 大学 選抜 チーム と の 試合 を 初めて まー 見 に 行っ た ん です けど も 	はー はい 
えー 	ほー すごい です ねー 
えー 	ラグビー を 
その 激し さ 	へー 迫力 あり ます ね 
その 激し さ 	そう です ね 
その 激し さ 	はい 激しい ん です ね 
など に 感激 を し て それ から 	うーん 
など に 感激 を し て それ から 	は へー 
など に 感激 を し て それ から 	あ そう な の 
など に 感激 を し て それ から 	おー 
など に 感激 を し て それ から グランド の 	あ 
など に 感激 を し て それ から グランド の 	感激 さ れ た ん です か 
など に 感激 を し て それ から グランド の 広 さ 	あ は あ 
など に 感激 を し て それ から グランド の 広 さ 	そう です よ ね 
など に 感激 を し て それ から グランド の 広 さ 	そう な ん です かー 
など に 感激 を し て それ から グランド の 広 さ 	迫力 が はい 
それ から 芝生 の 	えー 
それ から 芝生 の 青 さ 	あ そんな に 
それ から 芝生 の 青 さ 	はー 芝生 の 青 さ な ん です ね 
そう いう もの に 物凄く 感激 を し て 	秩父宮 
そう いう もの に 物凄く 感激 を し て 	あー いい です ね うーん 
そう いう もの に 物凄く 感激 を し て 	まー そう です か 
そう いう もの に 物凄く 感激 を し て 	あ ずっと それ が 鮮明 に 
高校 に 入っ たら 絶対 に ラグビー を しよう と 	はぁー そー な ん です ねー 
高校 に 入っ たら 絶対 に ラグビー を しよう と 	あはっ そう な ん です か 
見 に 一緒 に 見 に 行っ た 友達 と 	あー 好き に なら れ た ん です ね うーん 
見 に 一緒 に 見 に 行っ た 友達 と 	へえ 
見 に 一緒 に 見 に 行っ た 友達 と 	うーん 
話し合っ て 	そう です よ ね 
あの ラグビー 部 の ある 学校 に 	ま っ 
あの ラグビー 部 の ある 学校 に 	えっ わざわざ 
入り まし た 	あー そー だっ た ん です ねー 
入り まし た 	はー そう だっ た ん です か 
入り まし た 	はー そう な ん です か 
入り まし た 	ふーん 選ん で 入ら れ た ん です ね 
入り まし た 	へー 
入り まし た 	はー そう な ん です ね 
入り まし た 	あ そう いう こと だっ た ん です ね 
入り まし た 	あ そう な ん です かー 
入り まし た 	あ そう な ん です ね 
入り まし た 	入っ た ん です か はい 
んで まー 	すごーい 
んで まー 	へー 
三 年間 一所 懸命 	三 年間 も 
練習 もし 	うん やら れ た うん 
し て き まし た けど も 	まー 凄い 
三 年 の 時 に まー 一応 	三 年 の 時 
三 年 の 時 に まー 一応 キャプテン に なり まし た ん で 	あっ そー です か 
三 年 の 時 に まー 一応 キャプテン に なり まし た ん で 	おお 
三 年 の 時 に まー 一応 キャプテン に なり まし た ん で 	まー キャプテン を さ れ て 
三 年 の 時 に まー 一応 キャプテン に なり まし た ん で 	へー 凄い です 
三 年 の 時 に まー 一応 キャプテン に なり まし た ん で 	あー 凄い です ね 
三 年 の 時 に まー 一応 キャプテン に なり まし た ん で 	まー 
三 年 の 時 に まー 一応 キャプテン に なり まし た ん で 	わー 凄い です ねー 
三 年 の 時 に まー 一応 キャプテン に なり まし た ん で 	あ そう な ん です か 
みんな を 	ラグビー 部 
みんな を 引っ張っ て いく 	です よ ねー 
みんな を 引っ張っ て いく 	はい リーダー で 
みんな を 引っ張っ て いく 	みんな を ひっぱっ て いか ない と 
うー 	わー 凄い うん 
こと で 大変 だっ た し 	たー い それ は 大変 です よ ねー はい 
こと で 大変 だっ た し 	へい そう です ね 
こと で 大変 だっ た し 	うん そう です よ ね 
こと で 大変 だっ た し 	はい わー お 疲れ 様 です 
大学 に 入っ て も 	大学 に 入っ て は 
大学 に 入っ て も 続け て ラグビー を 	あ 
大学 に 入っ て も 続け て ラグビー を やり まし た 	あっ そー な ん です ね ずーっと 続け られ た ん です ね ラグビー 
大学 に 入っ て も 続け て ラグビー を やり まし た 	あ そう な ん です か 
大学 に 入っ て も 続け て ラグビー を やり まし た 	そう な ん です か 
大学 に 入っ て も 続け て ラグビー を やり まし た 	あ そう です か ー うーん 
大学 に 入っ て も 続け て ラグビー を やり まし た 	あー そう な ん です か ー はい 
大学 に 入っ て も 続け て ラグビー を やり まし た 	うん そう か 
大学 に 入っ て も 続け て ラグビー を やり まし た 	あー そう な ん です か 
えー 	へえ 
えー 	じゃあ 随分 長く はい 
えー 	じゃあ 足掛け 七 年 です ね 
これ は 	やら れ た ん です ね 
これ は ラグビー って いう の は ほんと に あの 試合 を やっ て いる 時 は 敵 と 味方 で 	あー 
戦い ます けど も 	あっ そー な ん です ねー 
あのー ノー サイド って いう 風 に 	うーん 
あのー ノー サイド って いう 風 に 言っ て 	うーん 
あのー ノー サイド って いう 風 に 言っ て 	はい ノー サイド って いう ん です か 
あのー ノー サイド って いう 風 に 言っ て 	おお 
敵 も 味方 も なく 	あー 
敵 も 味方 も なく 	へえ 
敵 も 味方 も なく 	あー 
敵 も 味方 も なく 	あー 
敵 も 味方 も なく 	あ 敵 も 味方 も ない ん です ね 
敵 も 味方 も なく 	あ 
試合 を 	そう です ね 
試合 を 	そう です か 
試合 を 	あー 
試合 を やっ た 同士 で 肩 を 	あー なるほど 
試合 を やっ た 同士 で 肩 を 組みあっ て 	うーん 
試合 を やっ た 同士 で 肩 を 組みあっ て 	へー かっこ いい です ね 
試合 を やっ た 同士 で 肩 を 組みあっ て 	肩 組みあう ん です ね いい です ね ー はい 
試合 を やっ た 同士 で 肩 を 組みあっ て 	あっ そう な ん です それ が うん 
敵 味方 無し の 	へえ 
敵 味方 無し の 	うーん 
競技 なん です けど も 	あー いー です ねー 
競技 なん です けど も 	そう な ん です か 
競技 なん です けど も 	うーん そう な ん です ね 
競技 なん です けど も 	は はい 
競技 なん です けど も 	ほー お 
まー 	ノー サイド ほー ん 
まー 	そう なん そう な ん です ね 
だ い 公園 の 試合 を 観 に 行き 	はい あー 
だ い 公園 の 試合 を 観 に 行き 	あー そう な ん だ 行か れ てる ん です ね 
それ から 	そー です かー 
それ から 	はい それ から 
人 たち と の 	は ええ 
人 たち と の 	今 で も 
今 で も 	続い てる 
今 で も 	今 で も です か 
酒 を 酌み 交わし て 	あ 
酒 を 酌み 交わし て 昔 の 	あー そー です かー 
酒 を 酌み 交わし て 昔 の 	はあ 
酒 を 酌み 交わし て 昔 の 	お 付き合い が ずっと ある 
酒 を 酌み 交わし て 昔 の 話 を 	交流 が ある ん です か 
酒 を 酌み 交わし て 昔 の 話 を 	あー そう な ん です か 
酒 を 酌み 交わし て 昔 の 話 を 	あー いい です ね 
一所 懸命 し たり し て おり ます 	はぁーい です ね 敵 味方 無し でー んー 
一所 懸命 し たり し て おり ます 	えー 楽しい 
一所 懸命 し たり し て おり ます 	うーん いい です ね 
一所 懸命 し たり し て おり ます 	ええ あー そう です か 
一所 懸命 し たり し て おり ます 	わー そう な ん です ね 
一所 懸命 し たり し て おり ます 	ええ ええ あ はい 
私 の 小さい 頃 って いう の は 	はい お 小さい 頃 は 
色んな 戦争 の 真っ 最中 でし た から 	ええ そう です ね はい 
色んな 戦争 の 真っ 最中 でし た から 	あ そう です ね 
色んな 戦争 の 真っ 最中 でし た から 	あー はい 
色んな 戦争 の 真っ 最中 でし た から 	あー そう な ん です ね 
色んな 戦争 の 真っ 最中 でし た から 	戦争 の 真っ 最中 だっ た ん です ね 
色んな 戦争 の 真っ 最中 でし た から 	はい 戦争 中 だっ た ん です ね 
軍人 に なる か な って 	あー 
軍人 に なる か な って いう 	あー 
軍人 に なる か な って いう 風 に は 	軍人 です ね 
軍人 に なる か な って いう 風 に は 	あ 軍人 な ん です ね 
軍人 に なる か な って いう 風 に は 	ああ 
軍人 に なる か な って いう 風 に は 	あー 
軍人 に なる か な って いう 風 に は 思っ て まし た けど 	そー です かー 
軍人 に なる か な って いう 風 に は 思っ て まし た けど 	そう な ん です ね はい 
軍人 に なる か な って いう 風 に は 思っ て まし た けど 	へー そう です か 
軍人 に なる か な って いう 風 に は 思っ て まし た けど 	あ そう です ね 
軍人 に なる か な って いう 風 に は 思っ て まし た けど 	あ そう です ね 
軍人 に なる か な って いう 風 に は 思っ て まし た けど 	兵隊 さん はい 
えー 	軍人 に 
あまり に も 小さかっ た から ただただ そう 	あー 
あまり に も 小さかっ た から ただただ そう 思っ て た だけ で 	あー そー な ん です ね 
あまり に も 小さかっ た から ただただ そう 思っ て た だけ で 	あー そう です よ ね 
えー 弁護 士 やっ て まし た から 	あー はい はい 
えー 弁護 士 やっ て まし た から 	あっ そう な ん です か 
えー 弁護 士 やっ て まし た から 	はあ 
えー 弁護 士 やっ て まし た から 	ええ あ そう です か 
えー 弁護 士 やっ て まし た から 	あ そう な ん です か 弁護 士 さん だっ た ん です ね 
えー 弁護 士 やっ て まし た から 	あ あー そう です か うん うん 
あの あたし も あと を 継い で 	あー 
弁護 士 に なろう か なー と 	あっ そー な ん です ねー 
弁護 士 に なろう か なー と 	はあ 
弁護 士 に なろう か なー と 	あ へー 弁護 士 に ええ 
弁護 士 に なろう か なー と 	ええ ええ なら れ た ん です か 
いう 風 に 考え て い まし た 	はい えー えー あー 
いう 風 に 考え て い まし た 	あ そう だっ た ん です ね 
えー 弁護 士 と 	そー だっ た ん です ねー 
罪 を 犯し た 人 を 弁護 し て 	そう です ね ええ 
罪 を 犯し た 人 を 弁護 し て 	うーん あー 
罪 を 犯し た 人 を 弁護 し て 	はい はい 弁護 する ん です ね 
えー 	そう です ね ええ ええ 
有罪 に なっ て も あとあと 面倒 み て いか なきゃ なら ない 	あっ そー な ん です ね 
有罪 に なっ て も あとあと 面倒 み て いか なきゃ なら ない 	あー はい はい 
有罪 に なっ て も あとあと 面倒 み て いか なきゃ なら ない 	うーん 
有罪 に なっ て も あとあと 面倒 み て いか なきゃ なら ない 	そう です 
有罪 に なっ て も あとあと 面倒 み て いか なきゃ なら ない 	ああ 
有罪 に なっ て も あとあと 面倒 み て いか なきゃ なら ない 	は そう な ん です ね 
有罪 に なっ て も あとあと 面倒 み て いか なきゃ なら ない 	うーん 
あのー 立場 だ と 	弁護 士 さん 
あのー 立場 だ と 	責任 感 あり ます ね 
あのー 立場 だ と 	あ そう な ん です ね 
あのー 立場 だ と 思い ます ん で 	はい はい うーん 
あのー 立場 だ と 思い ます ん で 	そう です か 
あのー 立場 だ と 思い ます ん で 	そう な ん です ね うん 
えー 	んー 
世の中 の ため に なれ ば いい なー と 	はい ま っ 凄い 
世の中 の ため に なれ ば いい なー と 	うん うん あ 
世の中 の ため に なれ ば いい なー と 	はー そう です ね 
世の中 の ため に なれ ば いい なー と 	あー そう です ね 
いう 	いい です 
いう 風 に 	あー 
いう 風 に 	素敵 です よ ね 
いう 風 に 	素晴らしい です ね 
いう 風 に 考え て い まし た 	そー だっ た ん です ねー 
いう 風 に 考え て い まし た 	へえ 
いう 風 に 考え て い まし た 	うーん はい 
まー 一番 し たい こと は 	はい 一番 し たい こと は どう でしょう 
せがれ に 会社 を 譲っ て 	ああ そう です 
えー 隠居 の よう な 形 に なっ て ます けど も 	あっ そー です かー 
えー 隠居 の よう な 形 に なっ て ます けど も 	ん ふふ ええ 
えー 隠居 の よう な 形 に なっ て ます けど も 	あ そう です か 
えー 隠居 の よう な 形 に なっ て ます けど も 	は 
えー 隠居 の よう な 形 に なっ て ます けど も まだまだ 	ご 隠居 様 な ん です ね 
えー 隠居 の よう な 形 に なっ て ます けど も まだまだ 体 は じゅう あの 元気 です し 	そー です ほんと に 
えー 隠居 の よう な 形 に なっ て ます けど も まだまだ 体 は じゅう あの 元気 です し 	うん そう です よ ね 
今 	はい 今 は 
仕事 を まだ 続け て やり たい な と 	そう です ね 
仕事 を まだ 続け て やり たい な と 違う 	一緒 に 
仕事 を まだ 続け て やり たい な と 違う 仕事 を 	あー はい 
仕事 を まだ 続け て やり たい な と 違う 仕事 を 続け て やり たい な と 	あー あー 違う 仕事 
仕事 を まだ 続け て やり たい な と 違う 仕事 を 続け て やり たい な と 	あー はい はい はい はい 
仕事 を まだ 続け て やり たい な と 違う 仕事 を 続け て やり たい な と 	うん うん できる 限り いい です ね 
仕事 を まだ 続け て やり たい な と 違う 仕事 を 続け て やり たい な と 	あ そう な ん です か 
仕事 を まだ 続け て やり たい な と 違う 仕事 を 続け て やり たい な と 	あー そう な ん です ね 
仕事 を まだ 続け て やり たい な と 違う 仕事 を 続け て やり たい な と 	あっ なるほど 
仕事 を まだ 続け て やり たい な と 違う 仕事 を 続け て やり たい な と 	あー そう な ん です ね 
仕事 を まだ 続け て やり たい な と 違う 仕事 を 続け て やり たい な と 	違う お 仕事 を です か 
仕事 を まだ 続け て やり たい な と 違う 仕事 を 続け て やり たい な と 	あー 違う 仕事 
いう 風 に 	違う 仕事 です か 
いう 風 に 思っ て 	うーん 
いう 風 に 思っ て 	はい あ そう な ん です ね 
えー 	若い です ね まだ 
出る こと は 一生 懸命 し て い ます 	はい あー そー な ん です ねー 
出る こと は 一生 懸命 し て い ます 	わー そう です か 
出る こと は 一生 懸命 し て い ます 	ええ はい 
出る こと は 一生 懸命 し て い ます 	ええ はい あ そう です か 
出る こと は 一生 懸命 し て い ます 	そう な ん です ね 
出る こと は 一生 懸命 し て い ます 	あー そう な ん です ね 
し て もらい たい こと は 	し て もらい たい こと は なん でしょう か 
別 に 	んっ ふっふっ ふっふ 
無い けど も 今 もう 	ない ん です か 
無い けど も 今 もう 女房 と 二人 です から 	えー お 二人 で 
お 互い に 労わりあっ て 	そう です ね ー 長生き し て 
お 互い に 労わりあっ て 	そう です ね 
えー 	あー 
生活 し て いけれ ば いい な と 	はい あー いー です ね いたわりあっ て 
生活 し て いけれ ば いい な と 	うーん そう な ん です ね 
生活 し て いけれ ば いい な と 	そう です ね 
生活 し て いけれ ば いい な と 	あ はい 
生活 し て いけれ ば いい な と 	はー です ね 
生活 し て いけれ ば いい な と 	はい うん そう です よ ね 
生活 し て いけれ ば いい な と 	そう です 
いう 風 に 	うん 元気 に 
いう 風 に 思っ て い ます 	そう です 
いう 風 に 思っ て い ます 	あ はい そう です ね 
作文 に も 書き まし た けど も 	あ はい 
あの 七十 四 年 の 	七十 四 年 の 
こと が 楽しい こと が あっ た と 	はぁー そー な ん です ね 
こと が 楽しい こと が あっ た と 思い ま 	へえ 
こと が 楽しい こと が あっ た と 思い ま 嬉しかっ た 	長い 人生 そう です ね 
こと が 楽しい こと が あっ た と 思い ま 嬉しかっ た 	あー 
こと が 楽しい こと が あっ た と 思い ま 嬉しかっ た こと が 	そう です か 
こと が 楽しい こと が あっ た と 思い ま 嬉しかっ た こと が 	あはっ 
こと が 楽しい こと が あっ た と 思い ま 嬉しかっ た こと が あのー あり まし た 	7 4 年 から はい 
こと が 楽しい こと が あっ た と 思い ま 嬉しかっ た こと が あのー あり まし た 	はい たくさん あっ た ん です ね 
それ は あのー 作文 に も き に ゅ 記載 し た ん です が 	あ はい 
それ は あのー 作文 に も き に ゅ 記載 し た ん です が そん 	あ 
それ は あのー 作文 に も き に ゅ 記載 し た ん です が そん 中 で 	ありがとう ござい ます 
それ は あのー 作文 に も き に ゅ 記載 し た ん です が そん 中 で 何 が やっぱり 一番 	何 が 
それ は あのー 作文 に も き に ゅ 記載 し た ん です が そん 中 で 何 が やっぱり 一番 嬉しい か なー と いう 風 に 自分 自身 中々 ま 迷っ た ん です が 	迷わ れ た ん です ね 
それ は あのー 作文 に も き に ゅ 記載 し た ん です が そん 中 で 何 が やっぱり 一番 嬉しい か なー と いう 風 に 自分 自身 中々 ま 迷っ た ん です が 最終 的 に は 	最終 的 に は どう でしょう か 
家庭 を 持つ こと が でき て 	うーん 
家庭 を 持つ こと が でき て 	ああ 
家庭 を 持つ こと が でき て 	そう です ね 
家庭 を 持つ こと が でき て 	はー 
そして 	あー 
そして 子供 達 孫 たち と 	そう です よ ね うん 
そして 子供 達 孫 たち と 一緒 に 生活 が 	えー あー 
そして 子供 達 孫 たち と 一緒 に 生活 が 	そう です ね 
そして 子供 達 孫 たち と 一緒 に 生活 が 	そう です ね 
そして 子供 達 孫 たち と 一緒 に 生活 が でき て 	そー です ねー 
そして 子供 達 孫 たち と 一緒 に 生活 が でき て 	家族 が でき た っ と いう こと です か ね 
楽しい 思い出 が 	ねー お 幸せ でし た ねー 
楽しい 思い出 が その 	そう です よ ね 
でき た と いう 	そう です ね 
でき た と いう こと が 	あー 
でき た と いう こと が まー 平凡 な 	いい です 
でき た と いう こと が まー 平凡 な 	そう です ね 
でき た と いう こと が まー 平凡 な 	そう です ね 
でき た と いう こと が まー 平凡 な 	まあ そう です ね 
でき た と いう こと が まー 平凡 な お 答え です けど 	えー い え い えー 
でき た と いう こと が まー 平凡 な お 答え です けど 	いえ いえ いえ 
でき た と いう こと が まー 平凡 な お 答え です けど 	いえ いえ 
でき た と いう こと が まー 平凡 な お 答え です けど 	うん 何 より です よ ね 
でき た と いう こと が まー 平凡 な お 答え です けど 	うーん 
でき た と いう こと が まー 平凡 な お 答え です けど あの  	ほー んと に とても 
でき た と いう こと が まー 平凡 な お 答え です けど あの  	ほんと に 
でき た と いう こと が まー 平凡 な お 答え です けど あの  	それ が 一番 平凡 です けど 幸せ です よ ね 
一番 楽しかっ た 	そう です ね 
一番 楽しかっ た 	そう です 
一番 楽しかっ た 嬉しかっ た 	そー です ね 
一番 楽しかっ た 嬉しかっ た 	いい こと です 
一番 楽しかっ た 嬉しかっ た こと と 	素晴らしい こと です ね 
一番 楽しかっ た 嬉しかっ た こと と 	あ 
一番 楽しかっ た 嬉しかっ た こと と 	嬉しかっ た こと です ね 
一番 楽しかっ た 嬉しかっ た こと と いう こと で 	嬉しい です よ ね 
一番 楽しかっ た 嬉しかっ た こと と いう こと で 作文 に は 	一番 ね 
一番 楽しかっ た 嬉しかっ た こと と いう こと で 作文 に は 	そう 思い ます 
記載 さ せ て いただき まし た 	あー そー です かー 
記載 さ せ て いただき まし た 	あ はい 
記載 さ せ て いただき まし た 	ええ あ はい 
記載 さ せ て いただき まし た 	は そう だっ た ん です ね 
それ 以外 に も 仕事 の 事 えー 個人 的 な 	お 仕事 の こと 
それ 以外 に も 仕事 の 事 えー 個人 的 な 趣味 の 事 色々 	はい ご 趣味 の こと 
それ 以外 に も 仕事 の 事 えー 個人 的 な 趣味 の 事 色々 楽しかっ 嬉しかっ た 	あ 
それ 以外 に も 仕事 の 事 えー 個人 的 な 趣味 の 事 色々 楽しかっ 嬉しかっ た 事 は あり ます が 	そう な ん です か 
ま 自分 自身 の 中 で やはり それ が 一番 	あー 
ま 自分 自身 の 中 で やはり それ が 一番 	そう です ね 
ま 自分 自身 の 中 で やはり それ が 一番 あー 	そう です ね 
ま 自分 自身 の 中 で やはり それ が 一番 あー 嬉しかっ た か なー と 	そー な ん です ね ご 家族 
ま 自分 自身 の 中 で やはり それ が 一番 あー 嬉しかっ た か なー と 	一番 はい 
ま 自分 自身 の 中 で やはり それ が 一番 あー 嬉しかっ た か なー と 	はー 
ま 自分 自身 の 中 で やはり それ が 一番 あー 嬉しかっ た か なー と 	そう です ね 
ま 自分 自身 の 中 で やはり それ が 一番 あー 嬉しかっ た か なー と いう 	そう です よ ね 
ま 自分 自身 の 中 で やはり それ が 一番 あー 嬉しかっ た か なー と いう こと で 	そう です ね 
ま 自分 自身 の 中 で やはり それ が 一番 あー 嬉しかっ た か なー と いう こと で 作文 に は 	そう な ん です ね 
ま 自分 自身 の 中 で やはり それ が 一番 あー 嬉しかっ た か なー と いう こと で 作文 に は その よう に 記載 を 	あー 
ま 自分 自身 の 中 で やはり それ が 一番 あー 嬉しかっ た か なー と いう こと で 作文 に は その よう に 記載 を 	あ 
ま 自分 自身 の 中 で やはり それ が 一番 あー 嬉しかっ た か なー と いう こと で 作文 に は その よう に 記載 を し まし た 	あ はい 
ま 自分 自身 の 中 で やはり それ が 一番 あー 嬉しかっ た か なー と いう こと で 作文 に は その よう に 記載 を し まし た 	はい あ そう です か 
ま 自分 自身 の 中 で やはり それ が 一番 あー 嬉しかっ た か なー と いう こと で 作文 に は その よう に 記載 を し まし た 	はい ありがとう ござい ます 
あの こちら に あの お 伺い し た の は あの 今年 の 春 に 	春 に です か 
あの こちら に あの お 伺い し た の は あの 今年 の 春 に えー 今 まで 仕事 を し て おり まし た ん です が 	あ はい 
あの こちら に あの お 伺い し た の は あの 今年 の 春 に えー 今 まで 仕事 を し て おり まし た ん です が 	はい お 仕事 で 
あの こちら に あの お 伺い し た の は あの 今年 の 春 に えー 今 まで 仕事 を し て おり まし た ん です が 	おお はい 
あの こちら に あの お 伺い し た の は あの 今年 の 春 に えー 今 まで 仕事 を し て おり まし た ん です が あの 定年 退職 を 	うーん 
あの こちら に あの お 伺い し た の は あの 今年 の 春 に えー 今 まで 仕事 を し て おり まし た ん です が あの 定年 退職 を 	あ 
あの こちら に あの お 伺い し た の は あの 今年 の 春 に えー 今 まで 仕事 を し て おり まし た ん です が あの 定年 退職 を 	あ 
あの こちら に あの お 伺い し た の は あの 今年 の 春 に えー 今 まで 仕事 を し て おり まし た ん です が あの 定年 退職 を し まし た ん で 	そう です か はい 
あの こちら に あの お 伺い し た の は あの 今年 の 春 に えー 今 まで 仕事 を し て おり まし た ん です が あの 定年 退職 を し まし た ん で 	そう でし た か 
あの こちら に あの お 伺い し た の は あの 今年 の 春 に えー 今 まで 仕事 を し て おり まし た ん です が あの 定年 退職 を し まし た ん で 	はい ご 退職 さ れ て 
今 あ 渋谷 区 の シルバー 人材 センター に 	あー 
今 あ 渋谷 区 の シルバー 人材 センター に 	あー そう な ん です ね 
あたら 何 か 仕事 が を 	うん 行っ て おら れる 
あたら 何 か 仕事 が を し たい と いう こと で 登録 を し て おり まし て 	あっ そー な ん です ねー 
あたら 何 か 仕事 が を し たい と いう こと で 登録 を し て おり まし て 	あ 登録 さ れ た ん です ね 
あたら 何 か 仕事 が を し たい と いう こと で 登録 を し て おり まし て 	あ 登録 さ れ た ん です ね 
あたら 何 か 仕事 が を し たい と いう こと で 登録 を し て おり まし て 	あ はい 
えー ご 担当 の 方 から こ この よう な モニター の 	あー 
えー ご 担当 の 方 から こ この よう な モニター の えー 仕事 が 	あー はい 
えー ご 担当 の 方 から こ この よう な モニター の えー 仕事 が 	そう だっ た ん です ね 
えー ご 担当 の 方 から こ この よう な モニター の えー 仕事 が ある けど 行っ て み ない か と 	えー あっ 
えー ご 担当 の 方 から こ この よう な モニター の えー 仕事 が ある けど 行っ て み ない か と 	あー 
えー ご 担当 の 方 から こ この よう な モニター の えー 仕事 が ある けど 行っ て み ない か と 	そう な ん です ね 
えー ご 担当 の 方 から こ この よう な モニター の えー 仕事 が ある けど 行っ て み ない か と いう 	あ 
えー ご 担当 の 方 から こ この よう な モニター の えー 仕事 が ある けど 行っ て み ない か と いう ふう な 	あー そー だっ た ん です ねー 
えー ご 担当 の 方 から こ この よう な モニター の えー 仕事 が ある けど 行っ て み ない か と いう ふう な 事 で お 誘い を 受け て 	ああ 
えー ご 担当 の 方 から こ この よう な モニター の えー 仕事 が ある けど 行っ て み ない か と いう ふう な 事 で お 誘い を 受け て えー 本日 参り まし た 	あー そう です か 
えー ご 担当 の 方 から こ この よう な モニター の えー 仕事 が ある けど 行っ て み ない か と いう ふう な 事 で お 誘い を 受け て えー 本日 参り まし た 	あ 
えー ご 担当 の 方 から こ この よう な モニター の えー 仕事 が ある けど 行っ て み ない か と いう ふう な 事 で お 誘い を 受け て えー 本日 参り まし た 	あ はい 
本日 は 	ありがとう ござい ます 
本日 は 朝 ちょっと 午前 中 に えー ちょっと あの 定期 的 に 検査 を し て いる 病院 に 	あっ はい 
本日 は 朝 ちょっと 午前 中 に えー ちょっと あの 定期 的 に 検査 を し て いる 病院 に 	ああ 
本日 は 朝 ちょっと 午前 中 に えー ちょっと あの 定期 的 に 検査 を し て いる 病院 に 	あー 
寄っ て 	あ 寄ら れ て 
寄っ て 	あ 
寄っ て 	あ はい 
寄っ て 	そう な ん です か 
それ から 	そう です か 
それ から 	あ うん うん 
それ から 	病院 に です か 
それ から 	だいじ ょ 
都営 地下 鉄 に 乗っ て 	地下 鉄 に 乗っ て 
都営 地下 鉄 に 乗っ て 	ああ はい 
の 駅 から 	はい 駅 から 
徒歩 で こちら の 事務 所 まで 参り まし た 	あっ そー だっ た ん です ねー 
徒歩 で こちら の 事務 所 まで 参り まし た 	あー はい 
徒歩 で こちら の 事務 所 まで 参り まし た 	いらっしゃっ た はい 
まー あの それ と あと えー 前回 来 さ せ て いただい て えー また ことし 今回 も あの 違う テーマ で 	ええ ああ 
まー あの それ と あと えー 前回 来 さ せ て いただい て えー また ことし 今回 も あの 違う テーマ で 	あー 
色々 	ありがとう ござい ます 
色々 あの  	そう でし た か ね 
色々 あの  	二 回 目 も 来 て くださっ て 
モニター と し て やらし て いただい てる の で 	あ はい 
モニター と し て やらし て いただい てる の で 	あ 
まー 色んな 事 が 	そう な ん です ね うん うん うん 
ある ん だ なー と いう 	あっ 
ある ん だ なー と いう 事 が 	ふふふ 
ある ん だ なー と いう 事 が わかっ て また 	そう な ん です ね 
ある ん だ なー と いう 事 が わかっ て また 大変 自分 自身 も 	はい 
ある ん だ なー と いう 事 が わかっ て また 大変 自分 自身 も 面白く 	あー 
ある ん だ なー と いう 事 が わかっ て また 大変 自分 自身 も 面白く 	面白く 
うー 	そう です か 
うー 面白い って 	あー そう です ね 
うー 面白い って 	そう です 
うー 面白い って 	あー 
うー 面白い って 言っ たら 	あははは 
うー 面白い って 言っ たら 	ありがとう ござい ます ええ 
うー 面白い って 言っ たら 大変 失礼 です けど 	いえ いえ 
うー 面白い って 言っ たら 大変 失礼 です けど 	いえ いえ 
うー 面白い って 言っ たら 大変 失礼 です けど 	いえ いえ 
うー 面白い って 言っ たら 大変 失礼 です けど 	あ はい はい 
うー 面白い って 言っ たら 大変 失礼 です けど 	あ いえ いえ 
うー 面白い って 言っ たら 大変 失礼 です けど 	だ うん で も 楽しん で やっ て くださっ てる 
うー 面白い って 言っ たら 大変 失礼 です けど 	嬉しい です そう 言っ て いただける と 
あの 興味 が 	あー そう 
興味 が 湧き まし た はい 	あー よかっ た です 
興味 が 湧き まし た はい 	うん うん 良かっ た です はい 
興味 が 湧き まし た はい 	あー そう だっ た ん です ね ええ 
興味 が 湧き まし た はい 	あー はい 
あ 作文 の 最後 に 書き まし た けど 	あ はい 
今年 の 春 に 定年 退職 を 	春 に 
今年 の 春 に 定年 退職 を し まし た ん で 	はい お 疲れ 様 です 
今年 の 春 に 定年 退職 を し まし た ん で 	あー そう な ん です ね 
今年 の 春 に 定年 退職 を し まし た ん で 	あ そう でし た ね 
えー 今後 	ええ 
えー 今後 どう いう こと を 自分 自身 し て 	うーん 
し て いこう か な と 	そー です よ ねー 
し て いこう か な と いう こと を 考え まし て まー あの 長い こと えー な が 四十 年 に わたっ て 	はー 
し て いこう か な と いう こと を 考え まし て まー あの 長い こと えー な が 四十 年 に わたっ て えー 子供 たち の 	四十 年 です か 長い ん です ね 
育成 団体 の 	あー へえ 
育成 団体 の 	へえ 
育成 団体 の ボランティア 活動 を し て おり まし た 	あっ そー です かー 
育成 団体 の ボランティア 活動 を し て おり まし た 	あー そう な ん です か 
育成 団体 の ボランティア 活動 を し て おり まし た 	あー そう な ん です かー 
育成 団体 の ボランティア 活動 を し て おり まし た 	あ そう です か 
育成 団体 の ボランティア 活動 を し て おり まし た 	あ 凄い です 
育成 団体 の ボランティア 活動 を し て おり まし た 	はい あー 
育成 団体 の ボランティア 活動 を し て おり まし た 	はっ 
育成 団体 の ボランティア 活動 を し て おり まし た 	おー そう です か 
育成 団体 の ボランティア 活動 を し て おり まし た 	あ 
その 	そう な ん です 
その 	あー 
その 	そう な ん です ね 
その 	そう な ん です ね 
その 関係 も 	そう だっ た ん です ね 
その 関係 も あり まし て 	凄い です 
その 関係 も あり まし て 	おー 
えー その 	そんな ん です ね 
えー 自分 で できる こと と いっ たら 何 が ある か な と 考え まし て 	あー 凄い 
書道 を 教え て あげ たい な 	わ 
書道 を 教え て あげ たい な 	はあ あっ 
書道 を 教え て あげ たい な あげ たい な と 	あー 
書道 を 教え て あげ たい な あげ たい な と 	あ 書道 
書道 を 教え て あげ たい な あげ たい な と 	あー 
書道 を 教え て あげ たい な あげ たい な と 	書道 です か 
書道 を 教え て あげ たい な あげ たい な と 	へー 
書道 を 教え て あげ たい な あげ たい な と 思い まし て 	あー 
書道 を 教え て あげ たい な あげ たい な と 思い まし て 	はい はい 
書道 を 教え て あげ たい な あげ たい な と 思い まし て 	へえ 
書道 を 教え て あげ たい な あげ たい な と 思い まし て 	あー いい こと です 
書道 を 教え て あげ たい な あげ たい な と 思い まし て 	ああ はい 書道 です ね 
書道 を 教え て あげ たい な あげ たい な と 思い まし て 	わー 
書道 を 教え て あげ たい な あげ たい な と 思い まし て 	書道 を 
えー 書道 の 	書道 
えー 書道 の 	素敵 です ね 
えー 書道 の 学校 に も 行き まし て 	ああ 学校 行か れ て 
えー 書道 の 学校 に も 行き まし て 	学校 に いらし た ん です か 
えー 書道 の 学校 に も 行き まし て 	ええ あ 学校 に 行か れ て 
えー 書道 の 学校 に も 行き まし て 	うーん 
えー 師範 の 	ええ あ 師範 も 取ら れ てる ん です か 
えー 師範 の 	あー 師範 を 
えー 師範 の 	え 師範 まで 取っ た ん です か 
近く も 	おー おー 
近く も 	わー 師範 さん な ん です ね 
頂き まし た 	そー です かー 
頂き まし た 	おー 素晴らしい はい 
頂き まし た 	へー 凄い 
頂き まし た 	うわー 
頂き まし た 	まあ はい 
頂き まし た 	あ そう な ん です ね 
頂き まし た 	あー お めでとう ござい ます 
これ から まー 準備 を 	すごい 
これ から まー 準備 を 	凄い です ね 
これ から まー 準備 を し て 	うーん はっ 
えー 	そう 
それ で えー そう いう 子供 達 を 	んー 
それ で えー そう いう 子供 達 を 教え て あげ たい と 	うーん 
それ で えー そう いう 子供 達 を 教え て あげ たい と 思っ て ます が 	あー いい こと です ね 
それ で えー そう いう 子供 達 を 教え て あげ たい と 思っ て ます が 	あー 
それ で えー そう いう 子供 達 を 教え て あげ たい と 思っ て ます が 	あ 
それ で えー そう いう 子供 達 を 教え て あげ たい と 思っ て ます が 	あ 
それ で えー そう いう 子供 達 を 教え て あげ たい と 思っ て ます が まず 	素晴らしい です ね 
それ で えー そう いう 子供 達 を 教え て あげ たい と 思っ て ます が まず 	素敵 です ね 
それ で えー そう いう 子供 達 を 教え て あげ たい と 思っ て ます が まず 	わー 
それ で えー そう いう 子供 達 を 教え て あげ たい と 思っ て ます が まず そう いう 	ぜひ 
それ で えー そう いう 子供 達 を 教え て あげ たい と 思っ て ます が まず そう いう 一 歩 が えー 達成 でき た と 	そー です よ ねー 
それ で えー そう いう 子供 達 を 教え て あげ たい と 思っ て ます が まず そう いう 一 歩 が えー 達成 でき た と 	あ 
それ で えー そう いう 子供 達 を 教え て あげ たい と 思っ て ます が まず そう いう 一 歩 が えー 達成 でき た と いう 事 が 	そう です ね 
それ で えー そう いう 子供 達 を 教え て あげ たい と 思っ て ます が まず そう いう 一 歩 が えー 達成 でき た と いう 事 が 最近 嬉しかっ た 事 と 	はー 
それ で えー そう いう 子供 達 を 教え て あげ たい と 思っ て ます が まず そう いう 一 歩 が えー 達成 でき た と いう 事 が 最近 嬉しかっ た 事 と 	凄い です 
それ で えー そう いう 子供 達 を 教え て あげ たい と 思っ て ます が まず そう いう 一 歩 が えー 達成 でき た と いう 事 が 最近 嬉しかっ た 事 と いえ ば 	すごい です ねー 
それ で えー そう いう 子供 達 を 教え て あげ たい と 思っ て ます が まず そう いう 一 歩 が えー 達成 でき た と いう 事 が 最近 嬉しかっ た 事 と いえ ば 	そう です ね 
それ で えー そう いう 子供 達 を 教え て あげ たい と 思っ て ます が まず そう いう 一 歩 が えー 達成 でき た と いう 事 が 最近 嬉しかっ た 事 と いえ ば 	あ そう です ね 
それ で えー そう いう 子供 達 を 教え て あげ たい と 思っ て ます が まず そう いう 一 歩 が えー 達成 でき た と いう 事 が 最近 嬉しかっ た 事 と いえ ば いえる こ か と 	嬉しい です ね 
それ で えー そう いう 子供 達 を 教え て あげ たい と 思っ て ます が まず そう いう 一 歩 が えー 達成 でき た と いう 事 が 最近 嬉しかっ た 事 と いえ ば いえる こ か と 思い ます 	資格 取ら れ て はい 
それ で えー そう いう 子供 達 を 教え て あげ たい と 思っ て ます が まず そう いう 一 歩 が えー 達成 でき た と いう 事 が 最近 嬉しかっ た 事 と いえ ば いえる こ か と 思い ます 	そう です か 
それ で えー そう いう 子供 達 を 教え て あげ たい と 思っ て ます が まず そう いう 一 歩 が えー 達成 でき た と いう 事 が 最近 嬉しかっ た 事 と いえ ば いえる こ か と 思い ます 	うーん はい 
それ で えー そう いう 子供 達 を 教え て あげ たい と 思っ て ます が まず そう いう 一 歩 が えー 達成 でき た と いう 事 が 最近 嬉しかっ た 事 と いえ ば いえる こ か と 思い ます 	あ そう です か 
それ で えー そう いう 子供 達 を 教え て あげ たい と 思っ て ます が まず そう いう 一 歩 が えー 達成 でき た と いう 事 が 最近 嬉しかっ た 事 と いえ ば いえる こ か と 思い ます 	あー そう な ん です ね 
頃 	はい 小 学校 の 頃 
頃 えー 終戦 を む 第 二 次 世界 大戦 の 終戦 を 迎え まし た の で 	あ そう な ん です か 
頃 えー 終戦 を む 第 二 次 世界 大戦 の 終戦 を 迎え まし た の で 	あ はい 
頃 えー 終戦 を む 第 二 次 世界 大戦 の 終戦 を 迎え まし た の で 	ええ あー 
全く 	そう でし た か 
全く 遊び の 道具 は 今 の よう な 	あー 
全く 遊び の 道具 は 今 の よう な あのー もの が あの 	そう です ね 
全く 遊び の 道具 は 今 の よう な あのー もの が あの ない 	あっ 
全く 遊び の 道具 は 今 の よう な あのー もの が あの ない 	そう です ね 
全く 遊び の 道具 は 今 の よう な あのー もの が あの ない 時代 でし た 	そー です よ ねー 
全く 遊び の 道具 は 今 の よう な あのー もの が あの ない 時代 でし た 	豊富 で は ない です よ ね 
全く 遊び の 道具 は 今 の よう な あのー もの が あの ない 時代 でし た 	あー そう か も しれ ませ ん ね 
です から 	そう です よ ね 
のこぎり で 	あー 
のこぎり で 工作 を 	うん 
のこぎり で 工作 を し て 	あー 
のこぎり で 工作 を し て 	ねっ 
のこぎり で 工作 を し て あのー こ 	そー です かー 
工作 物 を 作っ たり 	ふーん 
工作 物 を 作っ たり 	へえ 
それ から えー めんこ べ ー 	ベーゴマ 
ベーゴマ 	ベーゴマ 
なん か を 	めんこ 
なん か を し た 	ベーゴマ 
なん か を し た 遊ん だ 	へえ 
なん か を し た 遊ん だ 時代 でし た 	えー えー あっ そー な ん です ねー 
なん か を し た 遊ん だ 時代 でし た 	はい そう いう 時代 です ね 
なん か を し た 遊ん だ 時代 でし た 	あー そう な ん です ね 
なん か を し た 遊ん だ 時代 でし た 	あー そう です ね ー うん うん 
なん か を し た 遊ん だ 時代 でし た 	はー そう だっ た ん です ね ー はい 
まー ベーゴマ なんか は 	ベーゴマ です か 
まー ベーゴマ なんか は あのー 	うん ベーゴマ 
まー ベーゴマ なんか は あのー 	戦わ せ て って いう 
磨き を かけ て 	はぁー 
磨き を かけ て 	あー 
磨き を かけ て 強く 	あー 
磨き を かけ て 強く し て 	はー 
磨き を かけ て 強く し て 	あー 
磨き を かけ て 強く し て 相手 を や 	はぁー 
磨き を かけ て 強く し て 相手 を や 	へえ 
磨き を かけ て 強く し て 相手 を や つける と 	うーん 
磨き を かけ て 強く し て 相手 を や つける と 	そう な ん です ね 
磨き を かけ て 強く し て 相手 を や つける と いう よう な 	えー 
磨き を かけ て 強く し て 相手 を や つける と いう よう な 	うーん 
磨き を かけ て 強く し て 相手 を や つける と いう よう な 	へえ 
磨き を かけ て 強く し て 相手 を や つける と いう よう な 遊び も し まし た 	そー な ん だ 
磨き を かけ て 強く し て 相手 を や つける と いう よう な 遊び も し まし た 	あ 
磨き を かけ て 強く し て 相手 を や つける と いう よう な 遊び も し まし た 	あー そっ か 
今 の 	楽し そう です ね 
今 の 	へえ 
今 の 子供 さん たち は 全く こう いう よう な こと は 	そう です ね 
今 の 子供 さん たち は 全く こう いう よう な こと は 知ら ない の で 	そー です よ ね 
今 の 子供 さん たち は 全く こう いう よう な こと は 知ら ない の で 	あ そう です ね 
今 の 子供 さん たち は 全く こう いう よう な こと は 知ら ない の で 	そう です ねー 
今 の 子供 さん たち は 全く こう いう よう な こと は 知ら ない の で 	そう です よ ね 
今 の 子供 さん たち は 全く こう いう よう な こと は 知ら ない の で 	あー はい 
今 の 子供 さん たち は 全く こう いう よう な こと は 知ら ない の で 	うーん はい 
今 の 子供 さん たち は 全く こう いう よう な こと は 知ら ない の で こう いう こと も まー 	うん 自分 で ねえ 
遊び の 中 で 教え て あげ たら 	あー 
遊び の 中 で 教え て あげ たら 	あ 
遊び の 中 で 教え て あげ たら 	あ はい 
遊び の 中 で 教え て あげ たら 	うん 考え て 
遊び の 中 で 教え て あげ たら いい か な と 	きっと ねー 
遊び の 中 で 教え て あげ たら いい か な と 	いい です 
遊び の 中 で 教え て あげ たら いい か な と 	ああ そう です ねー 
遊び の 中 で 教え て あげ たら いい か な と いう 	そう です ね 
遊び の 中 で 教え て あげ たら いい か な と いう 風 に 	あ 
遊び の 中 で 教え て あげ たら いい か な と いう 風 に 思っ て い ます 	喜び ます きっと 
遊び の 中 で 教え て あげ たら いい か な と いう 風 に 思っ て い ます 	ぜひ 教え て ください 
遊び の 中 で 教え て あげ たら いい か な と いう 風 に 思っ て い ます 	あー 思い ます そう 思い ます 
遊び の 中 で 教え て あげ たら いい か な と いう 風 に 思っ て い ます 	いい か も しれ ませ ん ね 
遊び の 中 で 教え て あげ たら いい か な と いう 風 に 思っ て い ます 	あ そう です ね せ 凄い です ね 
まー あの 自分 の 趣味 と し て 一番 	はい ご 趣味 は 
まー あの 自分 の 趣味 と し て 一番 あー に あげ られる あの あげる と すれ ば 	はい 一番 の は 
まー あの 自分 の 趣味 と し て 一番 あー に あげ られる あの あげる と すれ ば えー 絵画 あー まー 絵 を 	絵画 うーん 
まー あの 自分 の 趣味 と し て 一番 あー に あげ られる あの あげる と すれ ば えー 絵画 あー まー 絵 を 	あー 絵画 です か 
まー あの 自分 の 趣味 と し て 一番 あー に あげ られる あの あげる と すれ ば えー 絵画 あー まー 絵 を 描く 	えー 
まー あの 自分 の 趣味 と し て 一番 あー に あげ られる あの あげる と すれ ば えー 絵画 あー まー 絵 を 描く こと でしょう か 	あー はい わー すごーい 
まー あの 自分 の 趣味 と し て 一番 あー に あげ られる あの あげる と すれ ば えー 絵画 あー まー 絵 を 描く こと でしょう か 	描く ん です ね はい 
まー あの 自分 の 趣味 と し て 一番 あー に あげ られる あの あげる と すれ ば えー 絵画 あー まー 絵 を 描く こと でしょう か 	凄い 絵 を 描ける こと は 凄い です ね 
まー あの 自分 の 趣味 と し て 一番 あー に あげ られる あの あげる と すれ ば えー 絵画 あー まー 絵 を 描く こと でしょう か 	絵 を はい 
まー あの 自分 の 趣味 と し て 一番 あー に あげ られる あの あげる と すれ ば えー 絵画 あー まー 絵 を 描く こと でしょう か 	へー 絵画 です か 
まー あの 自分 の 趣味 と し て 一番 あー に あげ られる あの あげる と すれ ば えー 絵画 あー まー 絵 を 描く こと でしょう か 	うん あ そう な ん です 
えー 	絵 
えー 	素敵 です ね 
まー 仕事 で 	絵 も お 描き に なる の 
まー 仕事 で 	いい こと です ね 絵 は 
まー 仕事 で あの 単身 赴任 で 	あー 
まー 仕事 で あの 単身 赴任 で えー 札幌 に 	そう です か 
まー 仕事 で あの 単身 赴任 で えー 札幌 に あのー 赴任 を 	あ へー 
まー 仕事 で あの 単身 赴任 で えー 札幌 に あのー 赴任 を し まし た 時 に 	札幌 に いらし た ん です か 
まー 仕事 で あの 単身 赴任 で えー 札幌 に あのー 赴任 を し まし た 時 に 	へえ 
まー 仕事 で あの 単身 赴任 で えー 札幌 に あのー 赴任 を し まし た 時 に 	あー 札幌 です か 
まー し ご 仕事 以外 特に 休み の 日 なんか やる こと が なかっ た の で 	そう です よ ね 
まー し ご 仕事 以外 特に 休み の 日 なんか やる こと が なかっ た の で 	あー はは 
えー 近く の 公園 等 に 行っ て 	へえ 
えー 近く の 公園 等 に 行っ て えー スケッチ を 始め た の が 	あー そう な ん です か 
えー 近く の 公園 等 に 行っ て えー スケッチ を 始め た の が 	あー 絵 を 描か れ た ん です ね 
えー 近く の 公園 等 に 行っ て えー スケッチ を 始め た の が 	ああ 
えー 近く の 公園 等 に 行っ て えー スケッチ を 始め た の が 	うん あー 
えー 近く の 公園 等 に 行っ て えー スケッチ を 始め た の が えー 	あー 
えー 近く の 公園 等 に 行っ て えー スケッチ を 始め た の が えー この 趣味 の 	へー 
えー 近く の 公園 等 に 行っ て えー スケッチ を 始め た の が えー この 趣味 の 	あ 
えー 近く の 公園 等 に 行っ て えー スケッチ を 始め た の が えー この 趣味 の 	わー 
えー 近く の 公園 等 に 行っ て えー スケッチ を 始め た の が えー この 趣味 の 始まり でし た 	あー そー な ん です ねー 
えー 近く の 公園 等 に 行っ て えー スケッチ を 始め た の が えー この 趣味 の 始まり でし た 	凄い です 
えー 近く の 公園 等 に 行っ て えー スケッチ を 始め た の が えー この 趣味 の 始まり でし た 	あー そう な ん です か 
えー 近く の 公園 等 に 行っ て えー スケッチ を 始め た の が えー この 趣味 の 始まり でし た 	あ そう な ん です ね 
えー 近く の 公園 等 に 行っ て えー スケッチ を 始め た の が えー この 趣味 の 始まり でし た 	いい です ね 
えー 近く の 公園 等 に 行っ て えー スケッチ を 始め た の が えー この 趣味 の 始まり でし た 	あー いい です ね うん 
風景 画 を 	外 で 
風景 画 を 描く と 	はあ 
風景 画 を 描く と いう 楽しみ が 	わあ 
そこ で えー おぼえ あの そこ で 始まっ た わけ です が 	あー あー 
そこ で えー おぼえ あの そこ で 始まっ た わけ です が 	へえ 
そこ で えー おぼえ あの そこ で 始まっ た わけ です が 	あー 
そこ で えー おぼえ あの そこ で 始まっ た わけ です が その あと 色々 と まー その 趣味 を つづ 続け て おり まし て 	そー な ん です ねー 
そこ で えー おぼえ あの そこ で 始まっ た わけ です が その あと 色々 と まー その 趣味 を つづ 続け て おり まし て まー これ が あの 生涯 の あのー ライフワーク に なる よう な 	わぁ そー です かー 
そこ で えー おぼえ あの そこ で 始まっ た わけ です が その あと 色々 と まー その 趣味 を つづ 続け て おり まし て まー これ が あの 生涯 の あのー ライフワーク に なる よう な 	うーん 
そこ で えー おぼえ あの そこ で 始まっ た わけ です が その あと 色々 と まー その 趣味 を つづ 続け て おり まし て まー これ が あの 生涯 の あのー ライフワーク に なる よう な 	あー いい です ね ー ええ 
そこ で えー おぼえ あの そこ で 始まっ た わけ です が その あと 色々 と まー その 趣味 を つづ 続け て おり まし て まー これ が あの 生涯 の あのー ライフワーク に なる よう な 	わあ 
そこ で えー おぼえ あの そこ で 始まっ た わけ です が その あと 色々 と まー その 趣味 を つづ 続け て おり まし て まー これ が あの 生涯 の あのー ライフワーク に なる よう な えー こと が 	すごい いい です ねー ライフワーク 
そこ で えー おぼえ あの そこ で 始まっ た わけ です が その あと 色々 と まー その 趣味 を つづ 続け て おり まし て まー これ が あの 生涯 の あのー ライフワーク に なる よう な えー こと が 	そう です ね うん うん 
そこ で えー おぼえ あの そこ で 始まっ た わけ です が その あと 色々 と まー その 趣味 を つづ 続け て おり まし て まー これ が あの 生涯 の あのー ライフワーク に なる よう な えー こと が 	はい ライフワーク な ん です ね 
でき た と いう 風 に 思っ て 	はぁー 
でき た と いう 風 に 思っ て 	いい 趣味 です 
でき た と いう 風 に 思っ て 	そう です ね 
でき た と いう 風 に 思っ て 	あ そう です ね 
大変 これ は あの 良かっ た な と 	そー です よ ねー 
大変 これ は あの 良かっ た な と 	うん 良かっ た です 
大変 これ は あの 良かっ た な と いう 風 に 思っ て い ます 	そう です ね 
大変 これ は あの 良かっ た な と いう 風 に 思っ て い ます 	はあ 
大変 これ は あの 良かっ た な と いう 風 に 思っ て い ます 	あ そう です ね 
また あの 	素敵 です ね 
また あの それ 以外 に も 	ライフワーク です ね うーん 
また あの それ 以外 に も まー 	それ 以外 に も 
また あの それ 以外 に も まー いろんな 機会 の 中 で あの 陶芸 やら 	わぁ 
また あの それ 以外 に も まー いろんな 機会 の 中 で あの 陶芸 やら 	あ 陶芸 
また あの それ 以外 に も まー いろんな 機会 の 中 で あの 陶芸 やら 	陶芸 も です か 
また あの それ 以外 に も まー いろんな 機会 の 中 で あの 陶芸 やら 	あ 陶芸 も 
また あの それ 以外 に も まー いろんな 機会 の 中 で あの 陶芸 やら えー 何 か も やる 機会 も 持ち まし た けど も 	わぁ そー です かー 
また あの それ 以外 に も まー いろんな 機会 の 中 で あの 陶芸 やら えー 何 か も やる 機会 も 持ち まし た けど も 	へえ 
また あの それ 以外 に も まー いろんな 機会 の 中 で あの 陶芸 やら えー 何 か も やる 機会 も 持ち まし た けど も 	あー そう な ん です ね 
まー こう いう 風 な 内容 の 趣味 の こと を これ から も 続け て いけ たら な 	そー です よ ねー 
まー こう いう 風 な 内容 の 趣味 の こと を これ から も 続け て いけ たら な 	ええ そう です ね 
まー こう いう 風 な 内容 の 趣味 の こと を これ から も 続け て いけ たら な 	あ はい 
まー こう いう 風 な 内容 の 趣味 の こと を これ から も 続け て いけ たら な 	あ 
まー こう いう 風 な 内容 の 趣味 の こと を これ から も 続け て いけ たら な 	ねえ ぜひ 
まー こう いう 風 な 内容 の 趣味 の こと を これ から も 続け て いけ たら な と いう 	ぜひ ぜひ 
まー こう いう 風 な 内容 の 趣味 の こと を これ から も 続け て いけ たら な と いう 風 に 	うん そう です ね 
まー こう いう 風 な 内容 の 趣味 の こと を これ から も 続け て いけ たら な と いう 風 に 思っ て い ます 	ほんと に たくさん 
まー こう いう 風 な 内容 の 趣味 の こと を これ から も 続け て いけ たら な と いう 風 に 思っ て い ます 	はー 素敵 だ と 思い ます 
まー こう いう 風 な 内容 の 趣味 の こと を これ から も 続け て いけ たら な と いう 風 に 思っ て い ます 	そう です ね 
まー こう いう 風 な 内容 の 趣味 の こと を これ から も 続け て いけ たら な と いう 風 に 思っ て い ます 	続け て ください 
まー こう いう 風 な 内容 の 趣味 の こと を これ から も 続け て いけ たら な と いう 風 に 思っ て い ます 	そう です ね 
まー こう いう 風 な 内容 の 趣味 の こと を これ から も 続け て いけ たら な と いう 風 に 思っ て い ます 	いい と 思い ます はい 
まー こう いう 風 な 内容 の 趣味 の こと を これ から も 続け て いけ たら な と いう 風 に 思っ て い ます 	あ そう です か はい 
まー こう いう 風 な 内容 の 趣味 の こと を これ から も 続け て いけ たら な と いう 風 に 思っ て い ます 	はっ はい 
特に えー 何 に なり たい と いう の は なかっ た ん です が 	あー 
まー あの 高等 学校 時代 の 年代 で これ か これ から 就職 を と いう こと で の 時代 でし た けど も やはり 	あー はい 
まー あの 高等 学校 時代 の 年代 で これ か これ から 就職 を と いう こと で の 時代 でし た けど も やはり あのー その 頃 から まー 飛行 機 	飛行 機 
あー 段々 発達 を し て き て 	へえ 
あー 段々 発達 を し て き て 	あー 
なん か 大空 を 飛ぶ と いう の が 凄く いい な と 	うーん 
なん か 大空 を 飛ぶ と いう の が 凄く いい な と 	そう です よ ね 
なん か 大空 を 飛ぶ と いう の が 凄く いい な と 	あー そう です ね 
なん か 大空 を 飛ぶ と いう の が 凄く いい な と いう 	あー 
なん か 大空 を 飛ぶ と いう の が 凄く いい な と いう 	あー 
なん か 大空 を 飛ぶ と いう の が 凄く いい な と いう 風 に 	あー 
なん か 大空 を 飛ぶ と いう の が 凄く いい な と いう 風 に 	いい です よ ね 
なん か 大空 を 飛ぶ と いう の が 凄く いい な と いう 風 に 	あー 
なん か 大空 を 飛ぶ と いう の が 凄く いい な と いう 風 に 	いい な と 
なん か 大空 を 飛ぶ と いう の が 凄く いい な と いう 風 に 思っ て 	飛行 機 そう です ね 
なん か 大空 を 飛ぶ と いう の が 凄く いい な と いう 風 に 思っ て 	そう です ね 
なん か 大空 を 飛ぶ と いう の が 凄く いい な と いう 風 に 思っ て 	そう です よ ね 
なん か 大空 を 飛ぶ と いう の が 凄く いい な と いう 風 に 思っ て 	はい 思わ れ た ん です ね 
えー 	飛行 機 
えー 	憧れ です ね 
ま パイロット に 	うーん 
ま パイロット に なり たかっ た ん です 	あー そー な ん です かー 
ま パイロット に なり たかっ た ん です 	あー はい はい はい 
ま パイロット に なり たかっ た ん です 	あー かっこ いい 
ま パイロット に なり たかっ た ん です 	ああ 
ま パイロット に なり たかっ た ん です 	うーん あー 
ま パイロット に なり たかっ た ん です 	パイロット です か 
ま パイロット に なり たかっ た ん です 	うーん かっこ いい です よ ね 
ま パイロット に なり たかっ た ん です 	あー そう な ん です か 
やはり 	いい です ね 
やはり あの 	そう です か 
やはり あの 目 が ちょっと 	はー 
やはり あの 目 が ちょっと 良く ない と 	うーん 
やはり あの 目 が ちょっと 良く ない と 	あ うーん 
やはり あの 目 が ちょっと 良く ない と いう 	ああ ああ 
やはり あの 目 が ちょっと 良く ない と いう 事 も 	あ 
やはり あの 目 が ちょっと 良く ない と いう 事 も 	あー 
やはり あの 目 が ちょっと 良く ない と いう 事 も 	目視 力 が いる ん です ね 
やはり あの 目 が ちょっと 良く ない と いう 事 も 	ああ ああ ああ ああ 
やはり あの 目 が ちょっと 良く ない と いう 事 も あっ て 	あー 
やはり あの 目 が ちょっと 良く ない と いう 事 も あっ て 	あー そう な ん です ね 
やはり あの 目 が ちょっと 良く ない と いう 事 も あっ て 	それ は 関係 ある ん です ね 
やはり あの 目 が ちょっと 良く ない と いう 事 も あっ て 	あ そう です ね 
やはり あの 目 が ちょっと 良く ない と いう 事 も あっ て 	あー 
やはり あの 目 が ちょっと 良く ない と いう 事 も あっ て 	あー そう です か 
やはり あの 目 が ちょっと 良く ない と いう 事 も あっ て 	パイロット 目 が 良く ない と ダメ です もん ね 
まー そい じゃー 	そー な ん です ねー 
まー そい じゃー 	そう な ん です ね 
まー そい じゃー 航空 管制 官 に なれ なれ ば 	あー 
まー そい じゃー 航空 管制 官 に なれ なれ ば 	あ 
まー そい じゃー 航空 管制 官 に なれ なれ ば だいじょぶ か な と 	あー 
まー そい じゃー 航空 管制 官 に なれ なれ ば だいじょぶ か な と 	管制 官 です か 
まー そい じゃー 航空 管制 官 に なれ なれ ば だいじょぶ か な と いう よう な 	あ 
まー そい じゃー 航空 管制 官 に なれ なれ ば だいじょぶ か な と いう よう な 事 で 	あー 
まー そい じゃー 航空 管制 官 に なれ なれ ば だいじょぶ か な と いう よう な 事 で そちら の 	はあはあ 
あの 希望 を し て えー 調べ て み た ん です が 	あー 
最終 的 に は 	はあ 
最終 的 に は えー その 希望 は かない ませ ん でし た 	あー そー だっ た ん です ねー 
最終 的 に は えー その 希望 は かない ませ ん でし た 	あー そう です か 
最終 的 に は えー その 希望 は かない ませ ん でし た 	あー そう な ん です か 
最終 的 に は えー その 希望 は かない ませ ん でし た 	あ そう です か 
最終 的 に は えー その 希望 は かない ませ ん でし た 	ああ 
最終 的 に は えー その 希望 は かない ませ ん でし た 	ええ あー そう です か うん 
最終 的 に は えー その 希望 は かない ませ ん でし た 	あー そう です か うん 
最終 的 に は えー その 希望 は かない ませ ん でし た 	あー そう な ん です ね 
んー 誰 で も あの 今 の 子供 で も 憧れ てる と 思い ます が また 	あ はい 
あの 鉄道 関係 の 	あー 
あの 鉄道 関係 の 	ああ 
あの 鉄道 関係 の 	うーん 
あの 鉄道 関係 の 	あー 
あの 鉄道 関係 の 	はー 
あの 鉄道 関係 の 	あー 
あの 鉄道 関係 の えー 仕事 が 	鉄道 の 
あの 鉄道 関係 の えー 仕事 が 	そう です ね 
あの 鉄道 関係 の えー 仕事 が 	あー 鉄道 ね 
あの 鉄道 関係 の えー 仕事 が し たい な と 	あー 
あの 鉄道 関係 の えー 仕事 が し たい な と 	鉄道 関係 な ん です ね 
あの 鉄道 関係 の えー 仕事 が し たい な と 思っ て 	はぁー 
あの 鉄道 関係 の えー 仕事 が し たい な と 思っ て 	ああ 
あの 鉄道 関係 の えー 仕事 が し たい な と 思っ て 	うん そう です ね 
あの 鉄道 関係 の えー 仕事 が し たい な と 思っ て 	は あ 
あの 鉄道 関係 の えー 仕事 が し たい な と 思っ て 	そう です ね 
あの 鉄道 関係 の えー 仕事 が し たい な と 思っ て 特に 	そー な ん です ね 
あの 鉄道 関係 の えー 仕事 が し たい な と 思っ て 特に 	いい です ね 
あの 鉄道 関係 の えー 仕事 が し たい な と 思っ て 特に あの 電車 の 	好き な 人 い ます もん ね 
あの 鉄道 関係 の えー 仕事 が し たい な と 思っ て 特に あの 電車 の 運転 手 さん に 	は 運転 手 さん です か 
ほんと に 	あー そー 
ほんと に 	そう です ね 
ほんと に 	いい です よ ね 
ほんと に 	そう です ね 
ほんと に えー 小 学校 の 始め の 	んー 
ほんと に えー 小 学校 の 始め の 頃 から 	人気 あり ます よ ね 
ほんと に えー 小 学校 の 始め の 頃 から 	へえ 
ほんと に えー 小 学校 の 始め の 頃 から 幼稚 園 の 頃 なんか は なり たい なー と 	そー です ねー 
いう よ な 	そう です よ ね 
あの 	かっこ いい です よ ねー 
あの 思い が あり まし た 	あ 憧れ て た ん です ね 
あの 思い が あり まし た 	いい です ね 
あの 思い が あり まし た 	うーん 
あの 思い が あり まし た 	思っ てらし た ん です ね 
まー 人 あの 人 の 役 に 立つ こと を し たい と いう 風 に 	あー 
まー 人 あの 人 の 役 に 立つ こと を し たい と いう 風 に 申しあげ まし た けど も 	いい です 
まー 人 あの 人 の 役 に 立つ こと を し たい と いう 風 に 申しあげ まし た けど も 	ええ そう です ね 
まー 人 あの 人 の 役 に 立つ こと を し たい と いう 風 に 申しあげ まし た けど も 	は 素 晴 ら 
まー 人 あの 人 の 役 に 立つ こと を し たい と いう 風 に 申しあげ まし た けど も 	役 に 立つ ね うん うん 
まー 人 あの 人 の 役 に 立つ こと を し たい と いう 風 に 申しあげ まし た けど も 	そう です ね うーん 
まー 人 あの 人 の 役 に 立つ こと を し たい と いう 風 に 申しあげ まし た けど も まー 	素晴らしい です 
えー 	どう いう こと でしょう か 
子供 たち に 教え たい と 	はい あー 
子供 たち に 教え たい と 	書道 です ね 
子供 たち に 教え たい と 	書道 です か 
子供 たち に 教え たい と 	はー 
いう こと が 	そう です ね 
いう こと が 今 一番 	あ 
いう こと が 今 一番 し たい 	あっ 
いう こと が 今 一番 し たい 	素敵 です よ ね 
いう こと が 今 一番 し たい こと の 	そー な ん です ねー 
いう こと が 今 一番 し たい こと の 	へえ 
いう こと が 今 一番 し たい こと の 	あー 素晴らしい です 
いう こと が 今 一番 し たい こと の 	あ そう な ん です か 
ひと つ です 	お 習字 を 
ひと つ です 	あー そう です か 
ひと つ です 	うーん 
ひと つ です 	はー 素敵 です 
あと もう 一 つ 	あと もう 一 つ は 
時間 も とれる よう に なり まし た の で 	あ そう です ね 
えー これ から 	定年 退職 さ れ た の で ね 
あのー 	これ から は 
四国 の 八十 八 か所 の 	あー 
四国 の 八十 八 か所 の 	あー 
四国 の 八十 八 か所 の 	あ 
四国 の 八十 八 か所 の 	あっ 
四国 の 八十 八 か所 の 	あー はい 
四国 の 八十 八 か所 の 	あー 
四国 の 八十 八 か所 の えー 	あー 
四国 の 八十 八 か所 の えー 	あー 
四国 の 八十 八 か所 の えー 	それ は もう 
四国 の 八十 八 か所 の えー お 遍路 を 	うわぁー お 遍路 
四国 の 八十 八 か所 の えー お 遍路 を 	ああ 
四国 の 八十 八 か所 の えー お 遍路 を 	巡り たい 
四国 の 八十 八 か所 の えー お 遍路 を 	へえ 
四国 の 八十 八 か所 の えー お 遍路 を 	あー へー 
四国 の 八十 八 か所 の えー お 遍路 を 	はっ えー 
四国 の 八十 八 か所 の えー お 遍路 を 	あっ そう な ん です か 
四国 の 八十 八 か所 の えー お 遍路 を 	お 遍路 さん 
出来る だけ 	行き たい です ね 
出来る だけ 早い 	うーん 
出来る だけ 早い 	長年 の 夢 な ん です ね それ が 
出来る だけ 早い 時期 に 	ああ 
出来る だけ 早い 時期 に 	いい です ね 
出来る だけ 早い 時期 に 	お 遍路 さん です か 
実現 し たい と 	あー 8 8 カ所 
実現 し たい と 	そう です か 
実現 し たい と 	ああ 
実現 し たい と 	ええ あ 
実現 し たい と 	動ける うち に うーん 
いう 風 に 	そう です ね 
いう 風 に 	わあ 
いう 風 に 思っ て ます 	はぁー すごーい 
いう 風 に 思っ て ます 	ふーん うん なるほど 
いう 風 に 思っ て ます 	ぜひ 実現 し て ください 
いう 風 に 思っ て ます 	素敵 です ね 
いう 風 に 思っ て ます 	凄い です ね 
えー し て もらい たい こと は 何 です か と 	し て もらい たい こと は なん でしょう か 
まー 	はい どう でしょう か 
そー です ねー 特に 	えー そー です か し て もらい たい こと 
そー です ねー 特に 	うーん ん ふふふ 
そー です ねー 特に 	はい そう です ね はい 
これ と いっ て 	うーん 
ない と 	えー ない です か 
ない と 	あ そう です か 
ない と 	あ そう です か はい 
ない と 	そう です か 
いう 事 でしょう か はい 	ない です か はい はい 
いう 事 でしょう か はい 	あー そう な ん です か 
いう 事 でしょう か はい 	あっ はい 
いう 事 でしょう か はい 	そう か はい 
